analytics_id,branch_id,product_id,month,total_sold,total_revenue,total_cost,profit,classification
1,1,1,2026-02-01,77,1347.5,693.0,654.5,NORMAL
2,1,2,2026-02-01,91,1501.5,773.5,728.0,NORMAL
3,1,3,2026-02-01,79,1106.0,592.5,513.5,NORMAL
4,1,4,2026-02-01,77,2695.0,1386.0,1309.0,NORMAL
5,1,5,2026-02-01,85,8075.0,4675.0,3400.0,NORMAL
6,1,6,2026-02-01,95,2090.0,1140.0,950.0,NORMAL
7,1,7,2026-02-01,44,1848.0,968.0,880.0,NORMAL
8,1,8,2026-02-01,43,2236.0,1204.0,1032.0,NORMAL
9,1,9,2026-02-01,382,2101.0,1069.6,1031.4,FAST_MOVER
10,1,10,2026-02-01,363,1270.5,653.4,617.1,FAST_MOVER
11,1,11,2026-02-01,100,1950.0,1000.0,950.0,NORMAL
12,1,12,2026-02-01,215,3655.0,1935.0,1720.0,FAST_MOVER
13,1,13,2026-02-01,168,2856.0,1512.0,1344.0,FAST_MOVER
14,1,14,2026-02-01,77,731.5,385.0,346.5,NORMAL
15,1,15,2026-02-01,58,6960.0,3770.0,3190.0,NORMAL
16,1,16,2026-02-01,38,1824.0,950.0,874.0,NORMAL
17,1,17,2026-02-01,31,1085.0,558.0,527.0,NORMAL
18,1,18,2026-02-01,88,1056.0,572.0,484.0,NORMAL
19,1,19,2026-02-01,141,1903.5,987.0,916.5,FAST_MOVER
20,1,20,2026-02-01,11,462.0,242.0,220.0,SLOW_MOVER
21,1,21,2026-02-01,322,3381.0,1771.0,1610.0,FAST_MOVER
22,1,22,2026-02-01,77,1463.0,770.0,693.0,NORMAL
23,1,23,2026-02-01,98,1960.0,1029.0,931.0,NORMAL
24,1,24,2026-02-01,40,760.0,400.0,360.0,NORMAL
25,1,25,2026-02-01,99,2475.0,1287.0,1188.0,NORMAL
26,1,26,2026-02-01,2,70.0,36.0,34.0,SLOW_MOVER
27,1,27,2026-02-01,390,17550.0,9360.0,8190.0,FAST_MOVER
28,1,28,2026-02-01,152,2128.0,1140.0,988.0,FAST_MOVER
29,1,29,2026-02-01,150,2100.0,1125.0,975.0,FAST_MOVER
30,1,30,2026-02-01,138,3588.0,1932.0,1656.0,FAST_MOVER
31,1,31,2026-02-01,217,11284.0,6076.0,5208.0,FAST_MOVER
32,1,32,2026-02-01,50,2800.0,1500.0,1300.0,NORMAL
33,1,33,2026-02-01,96,816.0,432.0,384.0,NORMAL
34,1,34,2026-02-01,23,437.0,230.0,207.0,NORMAL
35,1,35,2026-02-01,79,4108.0,2212.0,1896.0,NORMAL
36,1,36,2026-02-01,61,1342.0,732.0,610.0,NORMAL
37,1,37,2026-02-01,76,912.0,494.0,418.0,NORMAL
38,1,38,2026-02-01,11,825.0,440.0,385.0,SLOW_MOVER
39,1,39,2026-02-01,45,1170.0,630.0,540.0,NORMAL
40,1,40,2026-02-01,86,2408.0,1290.0,1118.0,NORMAL
41,1,41,2026-02-01,49,7595.0,4165.0,3430.0,NORMAL
42,1,42,2026-02-01,57,7410.0,3990.0,3420.0,NORMAL
43,1,43,2026-02-01,83,2822.0,1494.0,1328.0,NORMAL
44,1,44,2026-02-01,20,840.0,440.0,400.0,NORMAL
45,1,45,2026-02-01,30,780.0,420.0,360.0,NORMAL
46,1,46,2026-02-01,78,1716.0,936.0,780.0,NORMAL
47,1,47,2026-02-01,55,4675.0,2475.0,2200.0,NORMAL
48,1,48,2026-02-01,72,5184.0,2736.0,2448.0,NORMAL
49,1,49,2026-02-01,90,2520.0,1350.0,1170.0,NORMAL
50,1,50,2026-02-01,15,1725.0,900.0,825.0,SLOW_MOVER
51,1,51,2026-02-01,30,1560.0,840.0,720.0,NORMAL
52,1,52,2026-02-01,52,5200.0,2860.0,2340.0,NORMAL
53,1,53,2026-02-01,60,2520.0,1320.0,1200.0,NORMAL
54,1,54,2026-02-01,14,364.0,196.0,168.0,SLOW_MOVER
55,1,55,2026-02-01,5,325.0,175.0,150.0,SLOW_MOVER
56,1,56,2026-02-01,382,6494.0,3438.0,3056.0,FAST_MOVER
57,1,57,2026-02-01,267,2536.5,1335.0,1201.5,FAST_MOVER
58,1,58,2026-02-01,23,506.0,276.0,230.0,NORMAL
59,1,59,2026-02-01,28,4060.0,2240.0,1820.0,NORMAL
60,1,60,2026-02-01,11,1210.0,660.0,550.0,SLOW_MOVER
61,2,1,2026-02-01,33,577.5,297.0,280.5,NORMAL
62,2,2,2026-02-01,71,1171.5,603.5,568.0,NORMAL
63,2,3,2026-02-01,33,462.0,247.5,214.5,NORMAL
64,2,4,2026-02-01,57,1995.0,1026.0,969.0,NORMAL
65,2,5,2026-02-01,69,6555.0,3795.0,2760.0,NORMAL
66,2,6,2026-02-01,28,616.0,336.0,280.0,NORMAL
67,2,7,2026-02-01,22,924.0,484.0,440.0,NORMAL
68,2,8,2026-02-01,20,1040.0,560.0,480.0,NORMAL
69,2,9,2026-02-01,229,1259.5,641.2,618.3,FAST_MOVER
70,2,10,2026-02-01,227,794.5,408.6,385.9,FAST_MOVER
71,2,11,2026-02-01,26,507.0,260.0,247.0,NORMAL
72,2,12,2026-02-01,360,6120.0,3240.0,2880.0,FAST_MOVER
73,2,13,2026-02-01,312,5304.0,2808.0,2496.0,FAST_MOVER
74,2,14,2026-02-01,70,665.0,350.0,315.0,NORMAL
75,2,15,2026-02-01,73,8760.0,4745.0,4015.0,NORMAL
76,2,16,2026-02-01,29,1392.0,725.0,667.0,NORMAL
77,2,17,2026-02-01,92,3220.0,1656.0,1564.0,NORMAL
78,2,18,2026-02-01,100,1200.0,650.0,550.0,NORMAL
79,2,19,2026-02-01,221,2983.5,1547.0,1436.5,FAST_MOVER
80,2,20,2026-02-01,14,588.0,308.0,280.0,SLOW_MOVER
81,2,21,2026-02-01,258,2709.0,1419.0,1290.0,FAST_MOVER
82,2,22,2026-02-01,63,1197.0,630.0,567.0,NORMAL
83,2,23,2026-02-01,31,620.0,325.5,294.5,NORMAL
84,2,24,2026-02-01,59,1121.0,590.0,531.0,NORMAL
85,2,25,2026-02-01,62,1550.0,806.0,744.0,NORMAL
86,2,26,2026-02-01,2,70.0,36.0,34.0,SLOW_MOVER
87,2,27,2026-02-01,329,14805.0,7896.0,6909.0,FAST_MOVER
88,2,28,2026-02-01,180,2520.0,1350.0,1170.0,FAST_MOVER
89,2,29,2026-02-01,188,2632.0,1410.0,1222.0,FAST_MOVER
90,2,30,2026-02-01,246,6396.0,3444.0,2952.0,FAST_MOVER
91,2,31,2026-02-01,171,8892.0,4788.0,4104.0,FAST_MOVER
92,2,32,2026-02-01,21,1176.0,630.0,546.0,NORMAL
93,2,33,2026-02-01,27,229.5,121.5,108.0,NORMAL
94,2,34,2026-02-01,79,1501.0,790.0,711.0,NORMAL
95,2,35,2026-02-01,82,4264.0,2296.0,1968.0,NORMAL
96,2,36,2026-02-01,42,924.0,504.0,420.0,NORMAL
97,2,37,2026-02-01,91,1092.0,591.5,500.5,NORMAL
98,2,38,2026-02-01,5,375.0,200.0,175.0,SLOW_MOVER
99,2,39,2026-02-01,77,2002.0,1078.0,924.0,NORMAL
100,2,40,2026-02-01,85,2380.0,1275.0,1105.0,NORMAL
101,2,41,2026-02-01,44,6820.0,3740.0,3080.0,NORMAL
102,2,42,2026-02-01,36,4680.0,2520.0,2160.0,NORMAL
103,2,43,2026-02-01,73,2482.0,1314.0,1168.0,NORMAL
104,2,44,2026-02-01,69,2898.0,1518.0,1380.0,NORMAL
105,2,45,2026-02-01,34,884.0,476.0,408.0,NORMAL
106,2,46,2026-02-01,70,1540.0,840.0,700.0,NORMAL
107,2,47,2026-02-01,73,6205.0,3285.0,2920.0,NORMAL
108,2,48,2026-02-01,47,3384.0,1786.0,1598.0,NORMAL
109,2,49,2026-02-01,20,560.0,300.0,260.0,NORMAL
110,2,50,2026-02-01,6,690.0,360.0,330.0,SLOW_MOVER
111,2,51,2026-02-01,95,4940.0,2660.0,2280.0,NORMAL
112,2,52,2026-02-01,58,5800.0,3190.0,2610.0,NORMAL
113,2,53,2026-02-01,22,924.0,484.0,440.0,NORMAL
114,2,54,2026-02-01,5,130.0,70.0,60.0,SLOW_MOVER
115,2,55,2026-02-01,4,260.0,140.0,120.0,SLOW_MOVER
116,2,56,2026-02-01,321,5457.0,2889.0,2568.0,FAST_MOVER
117,2,57,2026-02-01,171,1624.5,855.0,769.5,FAST_MOVER
118,2,58,2026-02-01,25,550.0,300.0,250.0,NORMAL
119,2,59,2026-02-01,38,5510.0,3040.0,2470.0,NORMAL
120,2,60,2026-02-01,5,550.0,300.0,250.0,SLOW_MOVER
121,3,1,2026-02-01,76,1330.0,684.0,646.0,NORMAL
122,3,2,2026-02-01,53,874.5,450.5,424.0,NORMAL
123,3,3,2026-02-01,21,294.0,157.5,136.5,NORMAL
124,3,4,2026-02-01,98,3430.0,1764.0,1666.0,NORMAL
125,3,5,2026-02-01,62,5890.0,3410.0,2480.0,NORMAL
126,3,6,2026-02-01,57,1254.0,684.0,570.0,NORMAL
127,3,7,2026-02-01,69,2898.0,1518.0,1380.0,NORMAL
128,3,8,2026-02-01,29,1508.0,812.0,696.0,NORMAL
129,3,9,2026-02-01,158,869.0,442.4,426.6,FAST_MOVER
130,3,10,2026-02-01,166,581.0,298.8,282.2,FAST_MOVER
131,3,11,2026-02-01,46,897.0,460.0,437.0,NORMAL
132,3,12,2026-02-01,244,4148.0,2196.0,1952.0,FAST_MOVER
133,3,13,2026-02-01,127,2159.0,1143.0,1016.0,FAST_MOVER
134,3,14,2026-02-01,96,912.0,480.0,432.0,NORMAL
135,3,15,2026-02-01,67,8040.0,4355.0,3685.0,NORMAL
136,3,16,2026-02-01,67,3216.0,1675.0,1541.0,NORMAL
137,3,17,2026-02-01,99,3465.0,1782.0,1683.0,NORMAL
138,3,18,2026-02-01,78,936.0,507.0,429.0,NORMAL
139,3,19,2026-02-01,185,2497.5,1295.0,1202.5,FAST_MOVER
140,3,20,2026-02-01,11,462.0,242.0,220.0,SLOW_MOVER
141,3,21,2026-02-01,367,3853.5,2018.5,1835.0,FAST_MOVER
142,3,22,2026-02-01,93,1767.0,930.0,837.0,NORMAL
143,3,23,2026-02-01,37,740.0,388.5,351.5,NORMAL
144,3,24,2026-02-01,69,1311.0,690.0,621.0,NORMAL
145,3,25,2026-02-01,43,1075.0,559.0,516.0,NORMAL
146,3,26,2026-02-01,12,420.0,216.0,204.0,SLOW_MOVER
147,3,27,2026-02-01,198,8910.0,4752.0,4158.0,FAST_MOVER
148,3,28,2026-02-01,279,3906.0,2092.5,1813.5,FAST_MOVER
149,3,29,2026-02-01,236,3304.0,1770.0,1534.0,FAST_MOVER
150,3,30,2026-02-01,247,6422.0,3458.0,2964.0,FAST_MOVER
151,3,31,2026-02-01,217,11284.0,6076.0,5208.0,FAST_MOVER
152,3,32,2026-02-01,40,2240.0,1200.0,1040.0,NORMAL
153,3,33,2026-02-01,100,850.0,450.0,400.0,NORMAL
154,3,34,2026-02-01,90,1710.0,900.0,810.0,NORMAL
155,3,35,2026-02-01,45,2340.0,1260.0,1080.0,NORMAL
156,3,36,2026-02-01,69,1518.0,828.0,690.0,NORMAL
157,3,37,2026-02-01,81,972.0,526.5,445.5,NORMAL
158,3,38,2026-02-01,11,825.0,440.0,385.0,SLOW_MOVER
159,3,39,2026-02-01,30,780.0,420.0,360.0,NORMAL
160,3,40,2026-02-01,73,2044.0,1095.0,949.0,NORMAL
161,3,41,2026-02-01,26,4030.0,2210.0,1820.0,NORMAL
162,3,42,2026-02-01,33,4290.0,2310.0,1980.0,NORMAL
163,3,43,2026-02-01,33,1122.0,594.0,528.0,NORMAL
164,3,44,2026-02-01,24,1008.0,528.0,480.0,NORMAL
165,3,45,2026-02-01,85,2210.0,1190.0,1020.0,NORMAL
166,3,46,2026-02-01,52,1144.0,624.0,520.0,NORMAL
167,3,47,2026-02-01,50,4250.0,2250.0,2000.0,NORMAL
168,3,48,2026-02-01,70,5040.0,2660.0,2380.0,NORMAL
169,3,49,2026-02-01,52,1456.0,780.0,676.0,NORMAL
170,3,50,2026-02-01,8,920.0,480.0,440.0,SLOW_MOVER
171,3,51,2026-02-01,96,4992.0,2688.0,2304.0,NORMAL
172,3,52,2026-02-01,82,8200.0,4510.0,3690.0,NORMAL
173,3,53,2026-02-01,57,2394.0,1254.0,1140.0,NORMAL
174,3,54,2026-02-01,10,260.0,140.0,120.0,SLOW_MOVER
175,3,55,2026-02-01,4,260.0,140.0,120.0,SLOW_MOVER
176,3,56,2026-02-01,155,2635.0,1395.0,1240.0,FAST_MOVER
177,3,57,2026-02-01,184,1748.0,920.0,828.0,FAST_MOVER
178,3,58,2026-02-01,49,1078.0,588.0,490.0,NORMAL
179,3,59,2026-02-01,81,11745.0,6480.0,5265.0,NORMAL
180,3,60,2026-02-01,10,1100.0,600.0,500.0,SLOW_MOVER
181,4,1,2026-02-01,98,1715.0,882.0,833.0,NORMAL
182,4,2,2026-02-01,98,1617.0,833.0,784.0,NORMAL
183,4,3,2026-02-01,29,406.0,217.5,188.5,NORMAL
184,4,4,2026-02-01,55,1925.0,990.0,935.0,NORMAL
185,4,5,2026-02-01,47,4465.0,2585.0,1880.0,NORMAL
186,4,6,2026-02-01,46,1012.0,552.0,460.0,NORMAL
187,4,7,2026-02-01,22,924.0,484.0,440.0,NORMAL
188,4,8,2026-02-01,28,1456.0,784.0,672.0,NORMAL
189,4,9,2026-02-01,257,1413.5,719.6,693.9,FAST_MOVER
190,4,10,2026-02-01,330,1155.0,594.0,561.0,FAST_MOVER
191,4,11,2026-02-01,77,1501.5,770.0,731.5,NORMAL
192,4,12,2026-02-01,247,4199.0,2223.0,1976.0,FAST_MOVER
193,4,13,2026-02-01,150,2550.0,1350.0,1200.0,FAST_MOVER
194,4,14,2026-02-01,25,237.5,125.0,112.5,NORMAL
195,4,15,2026-02-01,42,5040.0,2730.0,2310.0,NORMAL
196,4,16,2026-02-01,56,2688.0,1400.0,1288.0,NORMAL
197,4,17,2026-02-01,67,2345.0,1206.0,1139.0,NORMAL
198,4,18,2026-02-01,87,1044.0,565.5,478.5,NORMAL
199,4,19,2026-02-01,187,2524.5,1309.0,1215.5,FAST_MOVER
200,4,20,2026-02-01,3,126.0,66.0,60.0,SLOW_MOVER
201,4,21,2026-02-01,305,3202.5,1677.5,1525.0,FAST_MOVER
202,4,22,2026-02-01,37,703.0,370.0,333.0,NORMAL
203,4,23,2026-02-01,77,1540.0,808.5,731.5,NORMAL
204,4,24,2026-02-01,62,1178.0,620.0,558.0,NORMAL
205,4,25,2026-02-01,86,2150.0,1118.0,1032.0,NORMAL
206,4,26,2026-02-01,11,385.0,198.0,187.0,SLOW_MOVER
207,4,27,2026-02-01,191,8595.0,4584.0,4011.0,FAST_MOVER
208,4,28,2026-02-01,137,1918.0,1027.5,890.5,FAST_MOVER
209,4,29,2026-02-01,129,1806.0,967.5,838.5,FAST_MOVER
210,4,30,2026-02-01,363,9438.0,5082.0,4356.0,FAST_MOVER
211,4,31,2026-02-01,303,15756.0,8484.0,7272.0,FAST_MOVER
212,4,32,2026-02-01,59,3304.0,1770.0,1534.0,NORMAL
213,4,33,2026-02-01,24,204.0,108.0,96.0,NORMAL
214,4,34,2026-02-01,22,418.0,220.0,198.0,NORMAL
215,4,35,2026-02-01,96,4992.0,2688.0,2304.0,NORMAL
216,4,36,2026-02-01,29,638.0,348.0,290.0,NORMAL
217,4,37,2026-02-01,81,972.0,526.5,445.5,NORMAL
218,4,38,2026-02-01,3,225.0,120.0,105.0,SLOW_MOVER
219,4,39,2026-02-01,59,1534.0,826.0,708.0,NORMAL
220,4,40,2026-02-01,60,1680.0,900.0,780.0,NORMAL
221,4,41,2026-02-01,37,5735.0,3145.0,2590.0,NORMAL
222,4,42,2026-02-01,29,3770.0,2030.0,1740.0,NORMAL
223,4,43,2026-02-01,29,986.0,522.0,464.0,NORMAL
224,4,44,2026-02-01,77,3234.0,1694.0,1540.0,NORMAL
225,4,45,2026-02-01,89,2314.0,1246.0,1068.0,NORMAL
226,4,46,2026-02-01,67,1474.0,804.0,670.0,NORMAL
227,4,47,2026-02-01,25,2125.0,1125.0,1000.0,NORMAL
228,4,48,2026-02-01,36,2592.0,1368.0,1224.0,NORMAL
229,4,49,2026-02-01,63,1764.0,945.0,819.0,NORMAL
230,4,50,2026-02-01,7,805.0,420.0,385.0,SLOW_MOVER
231,4,51,2026-02-01,30,1560.0,840.0,720.0,NORMAL
232,4,52,2026-02-01,80,8000.0,4400.0,3600.0,NORMAL
233,4,53,2026-02-01,29,1218.0,638.0,580.0,NORMAL
234,4,54,2026-02-01,15,390.0,210.0,180.0,SLOW_MOVER
235,4,55,2026-02-01,15,975.0,525.0,450.0,SLOW_MOVER
236,4,56,2026-02-01,333,5661.0,2997.0,2664.0,FAST_MOVER
237,4,57,2026-02-01,135,1282.5,675.0,607.5,FAST_MOVER
238,4,58,2026-02-01,83,1826.0,996.0,830.0,NORMAL
239,4,59,2026-02-01,93,13485.0,7440.0,6045.0,NORMAL
240,4,60,2026-02-01,2,220.0,120.0,100.0,SLOW_MOVER
241,5,1,2026-02-01,99,1732.5,891.0,841.5,NORMAL
242,5,2,2026-02-01,68,1122.0,578.0,544.0,NORMAL
243,5,3,2026-02-01,68,952.0,510.0,442.0,NORMAL
244,5,4,2026-02-01,94,3290.0,1692.0,1598.0,NORMAL
245,5,5,2026-02-01,21,1995.0,1155.0,840.0,NORMAL
246,5,6,2026-02-01,97,2134.0,1164.0,970.0,NORMAL
247,5,7,2026-02-01,29,1218.0,638.0,580.0,NORMAL
248,5,8,2026-02-01,30,1560.0,840.0,720.0,NORMAL
249,5,9,2026-02-01,166,913.0,464.8,448.2,FAST_MOVER
250,5,10,2026-02-01,179,626.5,322.2,304.3,FAST_MOVER
251,5,11,2026-02-01,52,1014.0,520.0,494.0,NORMAL
252,5,12,2026-02-01,333,5661.0,2997.0,2664.0,FAST_MOVER
253,5,13,2026-02-01,289,4913.0,2601.0,2312.0,FAST_MOVER
254,5,14,2026-02-01,69,655.5,345.0,310.5,NORMAL
255,5,15,2026-02-01,94,11280.0,6110.0,5170.0,NORMAL
256,5,16,2026-02-01,78,3744.0,1950.0,1794.0,NORMAL
257,5,17,2026-02-01,76,2660.0,1368.0,1292.0,NORMAL
258,5,18,2026-02-01,79,948.0,513.5,434.5,NORMAL
259,5,19,2026-02-01,397,5359.5,2779.0,2580.5,FAST_MOVER
260,5,20,2026-02-01,3,126.0,66.0,60.0,SLOW_MOVER
261,5,21,2026-02-01,385,4042.5,2117.5,1925.0,FAST_MOVER
262,5,22,2026-02-01,85,1615.0,850.0,765.0,NORMAL
263,5,23,2026-02-01,23,460.0,241.5,218.5,NORMAL
264,5,24,2026-02-01,59,1121.0,590.0,531.0,NORMAL
265,5,25,2026-02-01,96,2400.0,1248.0,1152.0,NORMAL
266,5,26,2026-02-01,3,105.0,54.0,51.0,SLOW_MOVER
267,5,27,2026-02-01,366,16470.0,8784.0,7686.0,FAST_MOVER
268,5,28,2026-02-01,131,1834.0,982.5,851.5,FAST_MOVER
269,5,29,2026-02-01,237,3318.0,1777.5,1540.5,FAST_MOVER
270,5,30,2026-02-01,177,4602.0,2478.0,2124.0,FAST_MOVER
271,5,31,2026-02-01,374,19448.0,10472.0,8976.0,FAST_MOVER
272,5,32,2026-02-01,98,5488.0,2940.0,2548.0,NORMAL
273,5,33,2026-02-01,82,697.0,369.0,328.0,NORMAL
274,5,34,2026-02-01,52,988.0,520.0,468.0,NORMAL
275,5,35,2026-02-01,21,1092.0,588.0,504.0,NORMAL
276,5,36,2026-02-01,67,1474.0,804.0,670.0,NORMAL
277,5,37,2026-02-01,58,696.0,377.0,319.0,NORMAL
278,5,38,2026-02-01,4,300.0,160.0,140.0,SLOW_MOVER
279,5,39,2026-02-01,98,2548.0,1372.0,1176.0,NORMAL
280,5,40,2026-02-01,45,1260.0,675.0,585.0,NORMAL
281,5,41,2026-02-01,86,13330.0,7310.0,6020.0,NORMAL
282,5,42,2026-02-01,41,5330.0,2870.0,2460.0,NORMAL
283,5,43,2026-02-01,63,2142.0,1134.0,1008.0,NORMAL
284,5,44,2026-02-01,76,3192.0,1672.0,1520.0,NORMAL
285,5,45,2026-02-01,83,2158.0,1162.0,996.0,NORMAL
286,5,46,2026-02-01,50,1100.0,600.0,500.0,NORMAL
287,5,47,2026-02-01,61,5185.0,2745.0,2440.0,NORMAL
288,5,48,2026-02-01,71,5112.0,2698.0,2414.0,NORMAL
289,5,49,2026-02-01,52,1456.0,780.0,676.0,NORMAL
290,5,50,2026-02-01,5,575.0,300.0,275.0,SLOW_MOVER
291,5,51,2026-02-01,75,3900.0,2100.0,1800.0,NORMAL
292,5,52,2026-02-01,45,4500.0,2475.0,2025.0,NORMAL
293,5,53,2026-02-01,47,1974.0,1034.0,940.0,NORMAL
294,5,54,2026-02-01,8,208.0,112.0,96.0,SLOW_MOVER
295,5,55,2026-02-01,5,325.0,175.0,150.0,SLOW_MOVER
296,5,56,2026-02-01,282,4794.0,2538.0,2256.0,FAST_MOVER
297,5,57,2026-02-01,227,2156.5,1135.0,1021.5,FAST_MOVER
298,5,58,2026-02-01,37,814.0,444.0,370.0,NORMAL
299,5,59,2026-02-01,37,5365.0,2960.0,2405.0,NORMAL
300,5,60,2026-02-01,9,990.0,540.0,450.0,SLOW_MOVER
301,6,1,2026-02-01,64,1120.0,576.0,544.0,NORMAL
302,6,2,2026-02-01,25,412.5,212.5,200.0,NORMAL
303,6,3,2026-02-01,28,392.0,210.0,182.0,NORMAL
304,6,4,2026-02-01,55,1925.0,990.0,935.0,NORMAL
305,6,5,2026-02-01,41,3895.0,2255.0,1640.0,NORMAL
306,6,6,2026-02-01,34,748.0,408.0,340.0,NORMAL
307,6,7,2026-02-01,77,3234.0,1694.0,1540.0,NORMAL
308,6,8,2026-02-01,80,4160.0,2240.0,1920.0,NORMAL
309,6,9,2026-02-01,260,1430.0,728.0,702.0,FAST_MOVER
310,6,10,2026-02-01,229,801.5,412.2,389.3,FAST_MOVER
311,6,11,2026-02-01,72,1404.0,720.0,684.0,NORMAL
312,6,12,2026-02-01,315,5355.0,2835.0,2520.0,FAST_MOVER
313,6,13,2026-02-01,386,6562.0,3474.0,3088.0,FAST_MOVER
314,6,14,2026-02-01,83,788.5,415.0,373.5,NORMAL
315,6,15,2026-02-01,60,7200.0,3900.0,3300.0,NORMAL
316,6,16,2026-02-01,99,4752.0,2475.0,2277.0,NORMAL
317,6,17,2026-02-01,77,2695.0,1386.0,1309.0,NORMAL
318,6,18,2026-02-01,61,732.0,396.5,335.5,NORMAL
319,6,19,2026-02-01,158,2133.0,1106.0,1027.0,FAST_MOVER
320,6,20,2026-02-01,15,630.0,330.0,300.0,SLOW_MOVER
321,6,21,2026-02-01,136,1428.0,748.0,680.0,FAST_MOVER
322,6,22,2026-02-01,55,1045.0,550.0,495.0,NORMAL
323,6,23,2026-02-01,97,1940.0,1018.5,921.5,NORMAL
324,6,24,2026-02-01,25,475.0,250.0,225.0,NORMAL
325,6,25,2026-02-01,55,1375.0,715.0,660.0,NORMAL
326,6,26,2026-02-01,11,385.0,198.0,187.0,SLOW_MOVER
327,6,27,2026-02-01,301,13545.0,7224.0,6321.0,FAST_MOVER
328,6,28,2026-02-01,278,3892.0,2085.0,1807.0,FAST_MOVER
329,6,29,2026-02-01,129,1806.0,967.5,838.5,FAST_MOVER
330,6,30,2026-02-01,189,4914.0,2646.0,2268.0,FAST_MOVER
331,6,31,2026-02-01,327,17004.0,9156.0,7848.0,FAST_MOVER
332,6,32,2026-02-01,78,4368.0,2340.0,2028.0,NORMAL
333,6,33,2026-02-01,44,374.0,198.0,176.0,NORMAL
334,6,34,2026-02-01,23,437.0,230.0,207.0,NORMAL
335,6,35,2026-02-01,54,2808.0,1512.0,1296.0,NORMAL
336,6,36,2026-02-01,50,1100.0,600.0,500.0,NORMAL
337,6,37,2026-02-01,38,456.0,247.0,209.0,NORMAL
338,6,38,2026-02-01,14,1050.0,560.0,490.0,SLOW_MOVER
339,6,39,2026-02-01,26,676.0,364.0,312.0,NORMAL
340,6,40,2026-02-01,100,2800.0,1500.0,1300.0,NORMAL
341,6,41,2026-02-01,34,5270.0,2890.0,2380.0,NORMAL
342,6,42,2026-02-01,77,10010.0,5390.0,4620.0,NORMAL
343,6,43,2026-02-01,33,1122.0,594.0,528.0,NORMAL
344,6,44,2026-02-01,100,4200.0,2200.0,2000.0,NORMAL
345,6,45,2026-02-01,88,2288.0,1232.0,1056.0,NORMAL
346,6,46,2026-02-01,67,1474.0,804.0,670.0,NORMAL
347,6,47,2026-02-01,29,2465.0,1305.0,1160.0,NORMAL
348,6,48,2026-02-01,45,3240.0,1710.0,1530.0,NORMAL
349,6,49,2026-02-01,45,1260.0,675.0,585.0,NORMAL
350,6,50,2026-02-01,15,1725.0,900.0,825.0,SLOW_MOVER
351,6,51,2026-02-01,80,4160.0,2240.0,1920.0,NORMAL
352,6,52,2026-02-01,52,5200.0,2860.0,2340.0,NORMAL
353,6,53,2026-02-01,42,1764.0,924.0,840.0,NORMAL
354,6,54,2026-02-01,13,338.0,182.0,156.0,SLOW_MOVER
355,6,55,2026-02-01,2,130.0,70.0,60.0,SLOW_MOVER
356,6,56,2026-02-01,361,6137.0,3249.0,2888.0,FAST_MOVER
357,6,57,2026-02-01,393,3733.5,1965.0,1768.5,FAST_MOVER
358,6,58,2026-02-01,24,528.0,288.0,240.0,NORMAL
359,6,59,2026-02-01,42,6090.0,3360.0,2730.0,NORMAL
360,6,60,2026-02-01,5,550.0,300.0,250.0,SLOW_MOVER
361,1,1,2026-03-03,54,945.0,486.0,459.0,NORMAL
362,1,2,2026-03-03,64,1056.0,544.0,512.0,NORMAL
363,1,3,2026-03-03,89,1246.0,667.5,578.5,NORMAL
364,1,4,2026-03-03,86,3010.0,1548.0,1462.0,NORMAL
365,1,5,2026-03-03,84,7980.0,4620.0,3360.0,NORMAL
366,1,6,2026-03-03,98,2156.0,1176.0,980.0,NORMAL
367,1,7,2026-03-03,40,1680.0,880.0,800.0,NORMAL
368,1,8,2026-03-03,70,3640.0,1960.0,1680.0,NORMAL
369,1,9,2026-03-03,234,1287.0,655.2,631.8,FAST_MOVER
370,1,10,2026-03-03,164,574.0,295.2,278.8,FAST_MOVER
371,1,11,2026-03-03,72,1404.0,720.0,684.0,NORMAL
372,1,12,2026-03-03,318,5406.0,2862.0,2544.0,FAST_MOVER
373,1,13,2026-03-03,186,3162.0,1674.0,1488.0,FAST_MOVER
374,1,14,2026-03-03,77,731.5,385.0,346.5,NORMAL
375,1,15,2026-03-03,78,9360.0,5070.0,4290.0,NORMAL
376,1,16,2026-03-03,45,2160.0,1125.0,1035.0,NORMAL
377,1,17,2026-03-03,100,3500.0,1800.0,1700.0,NORMAL
378,1,18,2026-03-03,20,240.0,130.0,110.0,NORMAL
379,1,19,2026-03-03,312,4212.0,2184.0,2028.0,FAST_MOVER
380,1,20,2026-03-03,10,420.0,220.0,200.0,SLOW_MOVER
381,1,21,2026-03-03,377,3958.5,2073.5,1885.0,FAST_MOVER
382,1,22,2026-03-03,63,1197.0,630.0,567.0,NORMAL
383,1,23,2026-03-03,79,1580.0,829.5,750.5,NORMAL
384,1,24,2026-03-03,61,1159.0,610.0,549.0,NORMAL
385,1,25,2026-03-03,46,1150.0,598.0,552.0,NORMAL
386,1,26,2026-03-03,3,105.0,54.0,51.0,SLOW_MOVER
387,1,27,2026-03-03,183,8235.0,4392.0,3843.0,FAST_MOVER
388,1,28,2026-03-03,229,3206.0,1717.5,1488.5,FAST_MOVER
389,1,29,2026-03-03,244,3416.0,1830.0,1586.0,FAST_MOVER
390,1,30,2026-03-03,319,8294.0,4466.0,3828.0,FAST_MOVER
391,1,31,2026-03-03,164,8528.0,4592.0,3936.0,FAST_MOVER
392,1,32,2026-03-03,59,3304.0,1770.0,1534.0,NORMAL
393,1,33,2026-03-03,88,748.0,396.0,352.0,NORMAL
394,1,34,2026-03-03,61,1159.0,610.0,549.0,NORMAL
395,1,35,2026-03-03,53,2756.0,1484.0,1272.0,NORMAL
396,1,36,2026-03-03,22,484.0,264.0,220.0,NORMAL
397,1,37,2026-03-03,64,768.0,416.0,352.0,NORMAL
398,1,38,2026-03-03,10,750.0,400.0,350.0,SLOW_MOVER
399,1,39,2026-03-03,30,780.0,420.0,360.0,NORMAL
400,1,40,2026-03-03,24,672.0,360.0,312.0,NORMAL
401,1,41,2026-03-03,76,11780.0,6460.0,5320.0,NORMAL
402,1,42,2026-03-03,63,8190.0,4410.0,3780.0,NORMAL
403,1,43,2026-03-03,90,3060.0,1620.0,1440.0,NORMAL
404,1,44,2026-03-03,73,3066.0,1606.0,1460.0,NORMAL
405,1,45,2026-03-03,55,1430.0,770.0,660.0,NORMAL
406,1,46,2026-03-03,82,1804.0,984.0,820.0,NORMAL
407,1,47,2026-03-03,23,1955.0,1035.0,920.0,NORMAL
408,1,48,2026-03-03,47,3384.0,1786.0,1598.0,NORMAL
409,1,49,2026-03-03,28,784.0,420.0,364.0,NORMAL
410,1,50,2026-03-03,8,920.0,480.0,440.0,SLOW_MOVER
411,1,51,2026-03-03,24,1248.0,672.0,576.0,NORMAL
412,1,52,2026-03-03,42,4200.0,2310.0,1890.0,NORMAL
413,1,53,2026-03-03,88,3696.0,1936.0,1760.0,NORMAL
414,1,54,2026-03-03,7,182.0,98.0,84.0,SLOW_MOVER
415,1,55,2026-03-03,12,780.0,420.0,360.0,SLOW_MOVER
416,1,56,2026-03-03,191,3247.0,1719.0,1528.0,FAST_MOVER
417,1,57,2026-03-03,360,3420.0,1800.0,1620.0,FAST_MOVER
418,1,58,2026-03-03,39,858.0,468.0,390.0,NORMAL
419,1,59,2026-03-03,86,12470.0,6880.0,5590.0,NORMAL
420,1,60,2026-03-03,13,1430.0,780.0,650.0,SLOW_MOVER
421,2,1,2026-03-03,86,1505.0,774.0,731.0,NORMAL
422,2,2,2026-03-03,76,1254.0,646.0,608.0,NORMAL
423,2,3,2026-03-03,83,1162.0,622.5,539.5,NORMAL
424,2,4,2026-03-03,94,3290.0,1692.0,1598.0,NORMAL
425,2,5,2026-03-03,31,2945.0,1705.0,1240.0,NORMAL
426,2,6,2026-03-03,48,1056.0,576.0,480.0,NORMAL
427,2,7,2026-03-03,76,3192.0,1672.0,1520.0,NORMAL
428,2,8,2026-03-03,87,4524.0,2436.0,2088.0,NORMAL
429,2,9,2026-03-03,268,1474.0,750.4,723.6,FAST_MOVER
430,2,10,2026-03-03,204,714.0,367.2,346.8,FAST_MOVER
431,2,11,2026-03-03,86,1677.0,860.0,817.0,NORMAL
432,2,12,2026-03-03,383,6511.0,3447.0,3064.0,FAST_MOVER
433,2,13,2026-03-03,251,4267.0,2259.0,2008.0,FAST_MOVER
434,2,14,2026-03-03,59,560.5,295.0,265.5,NORMAL
435,2,15,2026-03-03,68,8160.0,4420.0,3740.0,NORMAL
436,2,16,2026-03-03,98,4704.0,2450.0,2254.0,NORMAL
437,2,17,2026-03-03,46,1610.0,828.0,782.0,NORMAL
438,2,18,2026-03-03,58,696.0,377.0,319.0,NORMAL
439,2,19,2026-03-03,192,2592.0,1344.0,1248.0,FAST_MOVER
440,2,20,2026-03-03,10,420.0,220.0,200.0,SLOW_MOVER
441,2,21,2026-03-03,388,4074.0,2134.0,1940.0,FAST_MOVER
442,2,22,2026-03-03,54,1026.0,540.0,486.0,NORMAL
443,2,23,2026-03-03,93,1860.0,976.5,883.5,NORMAL
444,2,24,2026-03-03,83,1577.0,830.0,747.0,NORMAL
445,2,25,2026-03-03,45,1125.0,585.0,540.0,NORMAL
446,2,26,2026-03-03,8,280.0,144.0,136.0,SLOW_MOVER
447,2,27,2026-03-03,394,17730.0,9456.0,8274.0,FAST_MOVER
448,2,28,2026-03-03,178,2492.0,1335.0,1157.0,FAST_MOVER
449,2,29,2026-03-03,377,5278.0,2827.5,2450.5,FAST_MOVER
450,2,30,2026-03-03,122,3172.0,1708.0,1464.0,FAST_MOVER
451,2,31,2026-03-03,313,16276.0,8764.0,7512.0,FAST_MOVER
452,2,32,2026-03-03,23,1288.0,690.0,598.0,NORMAL
453,2,33,2026-03-03,88,748.0,396.0,352.0,NORMAL
454,2,34,2026-03-03,25,475.0,250.0,225.0,NORMAL
455,2,35,2026-03-03,86,4472.0,2408.0,2064.0,NORMAL
456,2,36,2026-03-03,71,1562.0,852.0,710.0,NORMAL
457,2,37,2026-03-03,89,1068.0,578.5,489.5,NORMAL
458,2,38,2026-03-03,14,1050.0,560.0,490.0,SLOW_MOVER
459,2,39,2026-03-03,92,2392.0,1288.0,1104.0,NORMAL
460,2,40,2026-03-03,35,980.0,525.0,455.0,NORMAL
461,2,41,2026-03-03,82,12710.0,6970.0,5740.0,NORMAL
462,2,42,2026-03-03,31,4030.0,2170.0,1860.0,NORMAL
463,2,43,2026-03-03,41,1394.0,738.0,656.0,NORMAL
464,2,44,2026-03-03,28,1176.0,616.0,560.0,NORMAL
465,2,45,2026-03-03,88,2288.0,1232.0,1056.0,NORMAL
466,2,46,2026-03-03,78,1716.0,936.0,780.0,NORMAL
467,2,47,2026-03-03,72,6120.0,3240.0,2880.0,NORMAL
468,2,48,2026-03-03,71,5112.0,2698.0,2414.0,NORMAL
469,2,49,2026-03-03,54,1512.0,810.0,702.0,NORMAL
470,2,50,2026-03-03,5,575.0,300.0,275.0,SLOW_MOVER
471,2,51,2026-03-03,80,4160.0,2240.0,1920.0,NORMAL
472,2,52,2026-03-03,83,8300.0,4565.0,3735.0,NORMAL
473,2,53,2026-03-03,36,1512.0,792.0,720.0,NORMAL
474,2,54,2026-03-03,7,182.0,98.0,84.0,SLOW_MOVER
475,2,55,2026-03-03,8,520.0,280.0,240.0,SLOW_MOVER
476,2,56,2026-03-03,363,6171.0,3267.0,2904.0,FAST_MOVER
477,2,57,2026-03-03,388,3686.0,1940.0,1746.0,FAST_MOVER
478,2,58,2026-03-03,60,1320.0,720.0,600.0,NORMAL
479,2,59,2026-03-03,33,4785.0,2640.0,2145.0,NORMAL
480,2,60,2026-03-03,5,550.0,300.0,250.0,SLOW_MOVER
481,3,1,2026-03-03,73,1277.5,657.0,620.5,NORMAL
482,3,2,2026-03-03,99,1633.5,841.5,792.0,NORMAL
483,3,3,2026-03-03,23,322.0,172.5,149.5,NORMAL
484,3,4,2026-03-03,53,1855.0,954.0,901.0,NORMAL
485,3,5,2026-03-03,36,3420.0,1980.0,1440.0,NORMAL
486,3,6,2026-03-03,22,484.0,264.0,220.0,NORMAL
487,3,7,2026-03-03,24,1008.0,528.0,480.0,NORMAL
488,3,8,2026-03-03,44,2288.0,1232.0,1056.0,NORMAL
489,3,9,2026-03-03,199,1094.5,557.2,537.3,FAST_MOVER
490,3,10,2026-03-03,236,826.0,424.8,401.2,FAST_MOVER
491,3,11,2026-03-03,21,409.5,210.0,199.5,NORMAL
492,3,12,2026-03-03,265,4505.0,2385.0,2120.0,FAST_MOVER
493,3,13,2026-03-03,284,4828.0,2556.0,2272.0,FAST_MOVER
494,3,14,2026-03-03,65,617.5,325.0,292.5,NORMAL
495,3,15,2026-03-03,51,6120.0,3315.0,2805.0,NORMAL
496,3,16,2026-03-03,99,4752.0,2475.0,2277.0,NORMAL
497,3,17,2026-03-03,83,2905.0,1494.0,1411.0,NORMAL
498,3,18,2026-03-03,33,396.0,214.5,181.5,NORMAL
499,3,19,2026-03-03,375,5062.5,2625.0,2437.5,FAST_MOVER
500,3,20,2026-03-03,13,546.0,286.0,260.0,SLOW_MOVER
501,3,21,2026-03-03,182,1911.0,1001.0,910.0,FAST_MOVER
502,3,22,2026-03-03,85,1615.0,850.0,765.0,NORMAL
503,3,23,2026-03-03,99,1980.0,1039.5,940.5,NORMAL
504,3,24,2026-03-03,52,988.0,520.0,468.0,NORMAL
505,3,25,2026-03-03,45,1125.0,585.0,540.0,NORMAL
506,3,26,2026-03-03,13,455.0,234.0,221.0,SLOW_MOVER
507,3,27,2026-03-03,391,17595.0,9384.0,8211.0,FAST_MOVER
508,3,28,2026-03-03,343,4802.0,2572.5,2229.5,FAST_MOVER
509,3,29,2026-03-03,131,1834.0,982.5,851.5,FAST_MOVER
510,3,30,2026-03-03,312,8112.0,4368.0,3744.0,FAST_MOVER
511,3,31,2026-03-03,331,17212.0,9268.0,7944.0,FAST_MOVER
512,3,32,2026-03-03,87,4872.0,2610.0,2262.0,NORMAL
513,3,33,2026-03-03,98,833.0,441.0,392.0,NORMAL
514,3,34,2026-03-03,40,760.0,400.0,360.0,NORMAL
515,3,35,2026-03-03,88,4576.0,2464.0,2112.0,NORMAL
516,3,36,2026-03-03,46,1012.0,552.0,460.0,NORMAL
517,3,37,2026-03-03,100,1200.0,650.0,550.0,NORMAL
518,3,38,2026-03-03,10,750.0,400.0,350.0,SLOW_MOVER
519,3,39,2026-03-03,47,1222.0,658.0,564.0,NORMAL
520,3,40,2026-03-03,87,2436.0,1305.0,1131.0,NORMAL
521,3,41,2026-03-03,47,7285.0,3995.0,3290.0,NORMAL
522,3,42,2026-03-03,89,11570.0,6230.0,5340.0,NORMAL
523,3,43,2026-03-03,98,3332.0,1764.0,1568.0,NORMAL
524,3,44,2026-03-03,95,3990.0,2090.0,1900.0,NORMAL
525,3,45,2026-03-03,37,962.0,518.0,444.0,NORMAL
526,3,46,2026-03-03,49,1078.0,588.0,490.0,NORMAL
527,3,47,2026-03-03,100,8500.0,4500.0,4000.0,NORMAL
528,3,48,2026-03-03,64,4608.0,2432.0,2176.0,NORMAL
529,3,49,2026-03-03,43,1204.0,645.0,559.0,NORMAL
530,3,50,2026-03-03,7,805.0,420.0,385.0,SLOW_MOVER
531,3,51,2026-03-03,97,5044.0,2716.0,2328.0,NORMAL
532,3,52,2026-03-03,60,6000.0,3300.0,2700.0,NORMAL
533,3,53,2026-03-03,44,1848.0,968.0,880.0,NORMAL
534,3,54,2026-03-03,5,130.0,70.0,60.0,SLOW_MOVER
535,3,55,2026-03-03,14,910.0,490.0,420.0,SLOW_MOVER
536,3,56,2026-03-03,219,3723.0,1971.0,1752.0,FAST_MOVER
537,3,57,2026-03-03,169,1605.5,845.0,760.5,FAST_MOVER
538,3,58,2026-03-03,37,814.0,444.0,370.0,NORMAL
539,3,59,2026-03-03,50,7250.0,4000.0,3250.0,NORMAL
540,3,60,2026-03-03,4,440.0,240.0,200.0,SLOW_MOVER
541,4,1,2026-03-03,31,542.5,279.0,263.5,NORMAL
542,4,2,2026-03-03,53,874.5,450.5,424.0,NORMAL
543,4,3,2026-03-03,69,966.0,517.5,448.5,NORMAL
544,4,4,2026-03-03,32,1120.0,576.0,544.0,NORMAL
545,4,5,2026-03-03,75,7125.0,4125.0,3000.0,NORMAL
546,4,6,2026-03-03,73,1606.0,876.0,730.0,NORMAL
547,4,7,2026-03-03,89,3738.0,1958.0,1780.0,NORMAL
548,4,8,2026-03-03,36,1872.0,1008.0,864.0,NORMAL
549,4,9,2026-03-03,222,1221.0,621.6,599.4,FAST_MOVER
550,4,10,2026-03-03,326,1141.0,586.8,554.2,FAST_MOVER
551,4,11,2026-03-03,100,1950.0,1000.0,950.0,NORMAL
552,4,12,2026-03-03,129,2193.0,1161.0,1032.0,FAST_MOVER
553,4,13,2026-03-03,169,2873.0,1521.0,1352.0,FAST_MOVER
554,4,14,2026-03-03,45,427.5,225.0,202.5,NORMAL
555,4,15,2026-03-03,92,11040.0,5980.0,5060.0,NORMAL
556,4,16,2026-03-03,65,3120.0,1625.0,1495.0,NORMAL
557,4,17,2026-03-03,66,2310.0,1188.0,1122.0,NORMAL
558,4,18,2026-03-03,34,408.0,221.0,187.0,NORMAL
559,4,19,2026-03-03,378,5103.0,2646.0,2457.0,FAST_MOVER
560,4,20,2026-03-03,12,504.0,264.0,240.0,SLOW_MOVER
561,4,21,2026-03-03,295,3097.5,1622.5,1475.0,FAST_MOVER
562,4,22,2026-03-03,84,1596.0,840.0,756.0,NORMAL
563,4,23,2026-03-03,44,880.0,462.0,418.0,NORMAL
564,4,24,2026-03-03,29,551.0,290.0,261.0,NORMAL
565,4,25,2026-03-03,81,2025.0,1053.0,972.0,NORMAL
566,4,26,2026-03-03,3,105.0,54.0,51.0,SLOW_MOVER
567,4,27,2026-03-03,132,5940.0,3168.0,2772.0,FAST_MOVER
568,4,28,2026-03-03,139,1946.0,1042.5,903.5,FAST_MOVER
569,4,29,2026-03-03,383,5362.0,2872.5,2489.5,FAST_MOVER
570,4,30,2026-03-03,366,9516.0,5124.0,4392.0,FAST_MOVER
571,4,31,2026-03-03,195,10140.0,5460.0,4680.0,FAST_MOVER
572,4,32,2026-03-03,44,2464.0,1320.0,1144.0,NORMAL
573,4,33,2026-03-03,43,365.5,193.5,172.0,NORMAL
574,4,34,2026-03-03,34,646.0,340.0,306.0,NORMAL
575,4,35,2026-03-03,46,2392.0,1288.0,1104.0,NORMAL
576,4,36,2026-03-03,42,924.0,504.0,420.0,NORMAL
577,4,37,2026-03-03,40,480.0,260.0,220.0,NORMAL
578,4,38,2026-03-03,6,450.0,240.0,210.0,SLOW_MOVER
579,4,39,2026-03-03,32,832.0,448.0,384.0,NORMAL
580,4,40,2026-03-03,94,2632.0,1410.0,1222.0,NORMAL
581,4,41,2026-03-03,27,4185.0,2295.0,1890.0,NORMAL
582,4,42,2026-03-03,37,4810.0,2590.0,2220.0,NORMAL
583,4,43,2026-03-03,79,2686.0,1422.0,1264.0,NORMAL
584,4,44,2026-03-03,29,1218.0,638.0,580.0,NORMAL
585,4,45,2026-03-03,32,832.0,448.0,384.0,NORMAL
586,4,46,2026-03-03,61,1342.0,732.0,610.0,NORMAL
587,4,47,2026-03-03,70,5950.0,3150.0,2800.0,NORMAL
588,4,48,2026-03-03,79,5688.0,3002.0,2686.0,NORMAL
589,4,49,2026-03-03,74,2072.0,1110.0,962.0,NORMAL
590,4,50,2026-03-03,10,1150.0,600.0,550.0,SLOW_MOVER
591,4,51,2026-03-03,65,3380.0,1820.0,1560.0,NORMAL
592,4,52,2026-03-03,75,7500.0,4125.0,3375.0,NORMAL
593,4,53,2026-03-03,46,1932.0,1012.0,920.0,NORMAL
594,4,54,2026-03-03,11,286.0,154.0,132.0,SLOW_MOVER
595,4,55,2026-03-03,7,455.0,245.0,210.0,SLOW_MOVER
596,4,56,2026-03-03,126,2142.0,1134.0,1008.0,FAST_MOVER
597,4,57,2026-03-03,140,1330.0,700.0,630.0,FAST_MOVER
598,4,58,2026-03-03,45,990.0,540.0,450.0,NORMAL
599,4,59,2026-03-03,43,6235.0,3440.0,2795.0,NORMAL
600,4,60,2026-03-03,8,880.0,480.0,400.0,SLOW_MOVER
601,5,1,2026-03-03,78,1365.0,702.0,663.0,NORMAL
602,5,2,2026-03-03,66,1089.0,561.0,528.0,NORMAL
603,5,3,2026-03-03,67,938.0,502.5,435.5,NORMAL
604,5,4,2026-03-03,71,2485.0,1278.0,1207.0,NORMAL
605,5,5,2026-03-03,44,4180.0,2420.0,1760.0,NORMAL
606,5,6,2026-03-03,97,2134.0,1164.0,970.0,NORMAL
607,5,7,2026-03-03,41,1722.0,902.0,820.0,NORMAL
608,5,8,2026-03-03,32,1664.0,896.0,768.0,NORMAL
609,5,9,2026-03-03,382,2101.0,1069.6,1031.4,FAST_MOVER
610,5,10,2026-03-03,127,444.5,228.6,215.9,FAST_MOVER
611,5,11,2026-03-03,61,1189.5,610.0,579.5,NORMAL
612,5,12,2026-03-03,163,2771.0,1467.0,1304.0,FAST_MOVER
613,5,13,2026-03-03,327,5559.0,2943.0,2616.0,FAST_MOVER
614,5,14,2026-03-03,92,874.0,460.0,414.0,NORMAL
615,5,15,2026-03-03,96,11520.0,6240.0,5280.0,NORMAL
616,5,16,2026-03-03,44,2112.0,1100.0,1012.0,NORMAL
617,5,17,2026-03-03,84,2940.0,1512.0,1428.0,NORMAL
618,5,18,2026-03-03,94,1128.0,611.0,517.0,NORMAL
619,5,19,2026-03-03,294,3969.0,2058.0,1911.0,FAST_MOVER
620,5,20,2026-03-03,14,588.0,308.0,280.0,SLOW_MOVER
621,5,21,2026-03-03,252,2646.0,1386.0,1260.0,FAST_MOVER
622,5,22,2026-03-03,55,1045.0,550.0,495.0,NORMAL
623,5,23,2026-03-03,34,680.0,357.0,323.0,NORMAL
624,5,24,2026-03-03,40,760.0,400.0,360.0,NORMAL
625,5,25,2026-03-03,71,1775.0,923.0,852.0,NORMAL
626,5,26,2026-03-03,4,140.0,72.0,68.0,SLOW_MOVER
627,5,27,2026-03-03,288,12960.0,6912.0,6048.0,FAST_MOVER
628,5,28,2026-03-03,395,5530.0,2962.5,2567.5,FAST_MOVER
629,5,29,2026-03-03,309,4326.0,2317.5,2008.5,FAST_MOVER
630,5,30,2026-03-03,341,8866.0,4774.0,4092.0,FAST_MOVER
631,5,31,2026-03-03,212,11024.0,5936.0,5088.0,FAST_MOVER
632,5,32,2026-03-03,71,3976.0,2130.0,1846.0,NORMAL
633,5,33,2026-03-03,46,391.0,207.0,184.0,NORMAL
634,5,34,2026-03-03,43,817.0,430.0,387.0,NORMAL
635,5,35,2026-03-03,29,1508.0,812.0,696.0,NORMAL
636,5,36,2026-03-03,63,1386.0,756.0,630.0,NORMAL
637,5,37,2026-03-03,58,696.0,377.0,319.0,NORMAL
638,5,38,2026-03-03,9,675.0,360.0,315.0,SLOW_MOVER
639,5,39,2026-03-03,32,832.0,448.0,384.0,NORMAL
640,5,40,2026-03-03,21,588.0,315.0,273.0,NORMAL
641,5,41,2026-03-03,65,10075.0,5525.0,4550.0,NORMAL
642,5,42,2026-03-03,99,12870.0,6930.0,5940.0,NORMAL
643,5,43,2026-03-03,26,884.0,468.0,416.0,NORMAL
644,5,44,2026-03-03,49,2058.0,1078.0,980.0,NORMAL
645,5,45,2026-03-03,54,1404.0,756.0,648.0,NORMAL
646,5,46,2026-03-03,58,1276.0,696.0,580.0,NORMAL
647,5,47,2026-03-03,63,5355.0,2835.0,2520.0,NORMAL
648,5,48,2026-03-03,47,3384.0,1786.0,1598.0,NORMAL
649,5,49,2026-03-03,71,1988.0,1065.0,923.0,NORMAL
650,5,50,2026-03-03,11,1265.0,660.0,605.0,SLOW_MOVER
651,5,51,2026-03-03,43,2236.0,1204.0,1032.0,NORMAL
652,5,52,2026-03-03,88,8800.0,4840.0,3960.0,NORMAL
653,5,53,2026-03-03,29,1218.0,638.0,580.0,NORMAL
654,5,54,2026-03-03,8,208.0,112.0,96.0,SLOW_MOVER
655,5,55,2026-03-03,10,650.0,350.0,300.0,SLOW_MOVER
656,5,56,2026-03-03,374,6358.0,3366.0,2992.0,FAST_MOVER
657,5,57,2026-03-03,229,2175.5,1145.0,1030.5,FAST_MOVER
658,5,58,2026-03-03,35,770.0,420.0,350.0,NORMAL
659,5,59,2026-03-03,70,10150.0,5600.0,4550.0,NORMAL
660,5,60,2026-03-03,11,1210.0,660.0,550.0,SLOW_MOVER
661,6,1,2026-03-03,22,385.0,198.0,187.0,NORMAL
662,6,2,2026-03-03,34,561.0,289.0,272.0,NORMAL
663,6,3,2026-03-03,98,1372.0,735.0,637.0,NORMAL
664,6,4,2026-03-03,33,1155.0,594.0,561.0,NORMAL
665,6,5,2026-03-03,50,4750.0,2750.0,2000.0,NORMAL
666,6,6,2026-03-03,52,1144.0,624.0,520.0,NORMAL
667,6,7,2026-03-03,76,3192.0,1672.0,1520.0,NORMAL
668,6,8,2026-03-03,71,3692.0,1988.0,1704.0,NORMAL
669,6,9,2026-03-03,378,2079.0,1058.4,1020.6,FAST_MOVER
670,6,10,2026-03-03,145,507.5,261.0,246.5,FAST_MOVER
671,6,11,2026-03-03,45,877.5,450.0,427.5,NORMAL
672,6,12,2026-03-03,312,5304.0,2808.0,2496.0,FAST_MOVER
673,6,13,2026-03-03,125,2125.0,1125.0,1000.0,FAST_MOVER
674,6,14,2026-03-03,32,304.0,160.0,144.0,NORMAL
675,6,15,2026-03-03,53,6360.0,3445.0,2915.0,NORMAL
676,6,16,2026-03-03,52,2496.0,1300.0,1196.0,NORMAL
677,6,17,2026-03-03,55,1925.0,990.0,935.0,NORMAL
678,6,18,2026-03-03,63,756.0,409.5,346.5,NORMAL
679,6,19,2026-03-03,396,5346.0,2772.0,2574.0,FAST_MOVER
680,6,20,2026-03-03,10,420.0,220.0,200.0,SLOW_MOVER
681,6,21,2026-03-03,332,3486.0,1826.0,1660.0,FAST_MOVER
682,6,22,2026-03-03,86,1634.0,860.0,774.0,NORMAL
683,6,23,2026-03-03,92,1840.0,966.0,874.0,NORMAL
684,6,24,2026-03-03,32,608.0,320.0,288.0,NORMAL
685,6,25,2026-03-03,76,1900.0,988.0,912.0,NORMAL
686,6,26,2026-03-03,14,490.0,252.0,238.0,SLOW_MOVER
687,6,27,2026-03-03,159,7155.0,3816.0,3339.0,FAST_MOVER
688,6,28,2026-03-03,143,2002.0,1072.5,929.5,FAST_MOVER
689,6,29,2026-03-03,317,4438.0,2377.5,2060.5,FAST_MOVER
690,6,30,2026-03-03,201,5226.0,2814.0,2412.0,FAST_MOVER
691,6,31,2026-03-03,317,16484.0,8876.0,7608.0,FAST_MOVER
692,6,32,2026-03-03,80,4480.0,2400.0,2080.0,NORMAL
693,6,33,2026-03-03,41,348.5,184.5,164.0,NORMAL
694,6,34,2026-03-03,83,1577.0,830.0,747.0,NORMAL
695,6,35,2026-03-03,89,4628.0,2492.0,2136.0,NORMAL
696,6,36,2026-03-03,98,2156.0,1176.0,980.0,NORMAL
697,6,37,2026-03-03,96,1152.0,624.0,528.0,NORMAL
698,6,38,2026-03-03,2,150.0,80.0,70.0,SLOW_MOVER
699,6,39,2026-03-03,74,1924.0,1036.0,888.0,NORMAL
700,6,40,2026-03-03,83,2324.0,1245.0,1079.0,NORMAL
701,6,41,2026-03-03,73,11315.0,6205.0,5110.0,NORMAL
702,6,42,2026-03-03,56,7280.0,3920.0,3360.0,NORMAL
703,6,43,2026-03-03,87,2958.0,1566.0,1392.0,NORMAL
704,6,44,2026-03-03,71,2982.0,1562.0,1420.0,NORMAL
705,6,45,2026-03-03,96,2496.0,1344.0,1152.0,NORMAL
706,6,46,2026-03-03,59,1298.0,708.0,590.0,NORMAL
707,6,47,2026-03-03,66,5610.0,2970.0,2640.0,NORMAL
708,6,48,2026-03-03,87,6264.0,3306.0,2958.0,NORMAL
709,6,49,2026-03-03,56,1568.0,840.0,728.0,NORMAL
710,6,50,2026-03-03,9,1035.0,540.0,495.0,SLOW_MOVER
711,6,51,2026-03-03,54,2808.0,1512.0,1296.0,NORMAL
712,6,52,2026-03-03,91,9100.0,5005.0,4095.0,NORMAL
713,6,53,2026-03-03,56,2352.0,1232.0,1120.0,NORMAL
714,6,54,2026-03-03,12,312.0,168.0,144.0,SLOW_MOVER
715,6,55,2026-03-03,13,845.0,455.0,390.0,SLOW_MOVER
716,6,56,2026-03-03,271,4607.0,2439.0,2168.0,FAST_MOVER
717,6,57,2026-03-03,133,1263.5,665.0,598.5,FAST_MOVER
718,6,58,2026-03-03,21,462.0,252.0,210.0,NORMAL
719,6,59,2026-03-03,51,7395.0,4080.0,3315.0,NORMAL
720,6,60,2026-03-03,11,1210.0,660.0,550.0,SLOW_MOVER
721,1,1,2026-04-02,25,437.5,225.0,212.5,NORMAL
722,1,2,2026-04-02,40,660.0,340.0,320.0,NORMAL
723,1,3,2026-04-02,72,1008.0,540.0,468.0,NORMAL
724,1,4,2026-04-02,69,2415.0,1242.0,1173.0,NORMAL
725,1,5,2026-04-02,26,2470.0,1430.0,1040.0,NORMAL
726,1,6,2026-04-02,60,1320.0,720.0,600.0,NORMAL
727,1,7,2026-04-02,70,2940.0,1540.0,1400.0,NORMAL
728,1,8,2026-04-02,26,1352.0,728.0,624.0,NORMAL
729,1,9,2026-04-02,283,1556.5,792.4,764.1,FAST_MOVER
730,1,10,2026-04-02,157,549.5,282.6,266.9,FAST_MOVER
731,1,11,2026-04-02,48,936.0,480.0,456.0,NORMAL
732,1,12,2026-04-02,339,5763.0,3051.0,2712.0,FAST_MOVER
733,1,13,2026-04-02,364,6188.0,3276.0,2912.0,FAST_MOVER
734,1,14,2026-04-02,52,494.0,260.0,234.0,NORMAL
735,1,15,2026-04-02,51,6120.0,3315.0,2805.0,NORMAL
736,1,16,2026-04-02,25,1200.0,625.0,575.0,NORMAL
737,1,17,2026-04-02,86,3010.0,1548.0,1462.0,NORMAL
738,1,18,2026-04-02,32,384.0,208.0,176.0,NORMAL
739,1,19,2026-04-02,359,4846.5,2513.0,2333.5,FAST_MOVER
740,1,20,2026-04-02,4,168.0,88.0,80.0,SLOW_MOVER
741,1,21,2026-04-02,245,2572.5,1347.5,1225.0,FAST_MOVER
742,1,22,2026-04-02,97,1843.0,970.0,873.0,NORMAL
743,1,23,2026-04-02,34,680.0,357.0,323.0,NORMAL
744,1,24,2026-04-02,26,494.0,260.0,234.0,NORMAL
745,1,25,2026-04-02,99,2475.0,1287.0,1188.0,NORMAL
746,1,26,2026-04-02,8,280.0,144.0,136.0,SLOW_MOVER
747,1,27,2026-04-02,353,15885.0,8472.0,7413.0,FAST_MOVER
748,1,28,2026-04-02,180,2520.0,1350.0,1170.0,FAST_MOVER
749,1,29,2026-04-02,224,3136.0,1680.0,1456.0,FAST_MOVER
750,1,30,2026-04-02,146,3796.0,2044.0,1752.0,FAST_MOVER
751,1,31,2026-04-02,302,15704.0,8456.0,7248.0,FAST_MOVER
752,1,32,2026-04-02,87,4872.0,2610.0,2262.0,NORMAL
753,1,33,2026-04-02,39,331.5,175.5,156.0,NORMAL
754,1,34,2026-04-02,35,665.0,350.0,315.0,NORMAL
755,1,35,2026-04-02,66,3432.0,1848.0,1584.0,NORMAL
756,1,36,2026-04-02,76,1672.0,912.0,760.0,NORMAL
757,1,37,2026-04-02,37,444.0,240.5,203.5,NORMAL
758,1,38,2026-04-02,12,900.0,480.0,420.0,SLOW_MOVER
759,1,39,2026-04-02,73,1898.0,1022.0,876.0,NORMAL
760,1,40,2026-04-02,78,2184.0,1170.0,1014.0,NORMAL
761,1,41,2026-04-02,96,14880.0,8160.0,6720.0,NORMAL
762,1,42,2026-04-02,53,6890.0,3710.0,3180.0,NORMAL
763,1,43,2026-04-02,94,3196.0,1692.0,1504.0,NORMAL
764,1,44,2026-04-02,73,3066.0,1606.0,1460.0,NORMAL
765,1,45,2026-04-02,66,1716.0,924.0,792.0,NORMAL
766,1,46,2026-04-02,87,1914.0,1044.0,870.0,NORMAL
767,1,47,2026-04-02,37,3145.0,1665.0,1480.0,NORMAL
768,1,48,2026-04-02,57,4104.0,2166.0,1938.0,NORMAL
769,1,49,2026-04-02,36,1008.0,540.0,468.0,NORMAL
770,1,50,2026-04-02,5,575.0,300.0,275.0,SLOW_MOVER
771,1,51,2026-04-02,81,4212.0,2268.0,1944.0,NORMAL
772,1,52,2026-04-02,34,3400.0,1870.0,1530.0,NORMAL
773,1,53,2026-04-02,84,3528.0,1848.0,1680.0,NORMAL
774,1,54,2026-04-02,6,156.0,84.0,72.0,SLOW_MOVER
775,1,55,2026-04-02,14,910.0,490.0,420.0,SLOW_MOVER
776,1,56,2026-04-02,379,6443.0,3411.0,3032.0,FAST_MOVER
777,1,57,2026-04-02,303,2878.5,1515.0,1363.5,FAST_MOVER
778,1,58,2026-04-02,55,1210.0,660.0,550.0,NORMAL
779,1,59,2026-04-02,54,7830.0,4320.0,3510.0,NORMAL
780,1,60,2026-04-02,11,1210.0,660.0,550.0,SLOW_MOVER
781,2,1,2026-04-02,92,1610.0,828.0,782.0,NORMAL
782,2,2,2026-04-02,95,1567.5,807.5,760.0,NORMAL
783,2,3,2026-04-02,44,616.0,330.0,286.0,NORMAL
784,2,4,2026-04-02,55,1925.0,990.0,935.0,NORMAL
785,2,5,2026-04-02,50,4750.0,2750.0,2000.0,NORMAL
786,2,6,2026-04-02,44,968.0,528.0,440.0,NORMAL
787,2,7,2026-04-02,51,2142.0,1122.0,1020.0,NORMAL
788,2,8,2026-04-02,84,4368.0,2352.0,2016.0,NORMAL
789,2,9,2026-04-02,220,1210.0,616.0,594.0,FAST_MOVER
790,2,10,2026-04-02,140,490.0,252.0,238.0,FAST_MOVER
791,2,11,2026-04-02,100,1950.0,1000.0,950.0,NORMAL
792,2,12,2026-04-02,151,2567.0,1359.0,1208.0,FAST_MOVER
793,2,13,2026-04-02,124,2108.0,1116.0,992.0,FAST_MOVER
794,2,14,2026-04-02,54,513.0,270.0,243.0,NORMAL
795,2,15,2026-04-02,53,6360.0,3445.0,2915.0,NORMAL
796,2,16,2026-04-02,74,3552.0,1850.0,1702.0,NORMAL
797,2,17,2026-04-02,23,805.0,414.0,391.0,NORMAL
798,2,18,2026-04-02,99,1188.0,643.5,544.5,NORMAL
799,2,19,2026-04-02,139,1876.5,973.0,903.5,FAST_MOVER
800,2,20,2026-04-02,3,126.0,66.0,60.0,SLOW_MOVER
801,2,21,2026-04-02,233,2446.5,1281.5,1165.0,FAST_MOVER
802,2,22,2026-04-02,89,1691.0,890.0,801.0,NORMAL
803,2,23,2026-04-02,55,1100.0,577.5,522.5,NORMAL
804,2,24,2026-04-02,29,551.0,290.0,261.0,NORMAL
805,2,25,2026-04-02,31,775.0,403.0,372.0,NORMAL
806,2,26,2026-04-02,12,420.0,216.0,204.0,SLOW_MOVER
807,2,27,2026-04-02,202,9090.0,4848.0,4242.0,FAST_MOVER
808,2,28,2026-04-02,240,3360.0,1800.0,1560.0,FAST_MOVER
809,2,29,2026-04-02,311,4354.0,2332.5,2021.5,FAST_MOVER
810,2,30,2026-04-02,367,9542.0,5138.0,4404.0,FAST_MOVER
811,2,31,2026-04-02,365,18980.0,10220.0,8760.0,FAST_MOVER
812,2,32,2026-04-02,65,3640.0,1950.0,1690.0,NORMAL
813,2,33,2026-04-02,46,391.0,207.0,184.0,NORMAL
814,2,34,2026-04-02,63,1197.0,630.0,567.0,NORMAL
815,2,35,2026-04-02,63,3276.0,1764.0,1512.0,NORMAL
816,2,36,2026-04-02,83,1826.0,996.0,830.0,NORMAL
817,2,37,2026-04-02,37,444.0,240.5,203.5,NORMAL
818,2,38,2026-04-02,15,1125.0,600.0,525.0,SLOW_MOVER
819,2,39,2026-04-02,29,754.0,406.0,348.0,NORMAL
820,2,40,2026-04-02,35,980.0,525.0,455.0,NORMAL
821,2,41,2026-04-02,77,11935.0,6545.0,5390.0,NORMAL
822,2,42,2026-04-02,99,12870.0,6930.0,5940.0,NORMAL
823,2,43,2026-04-02,47,1598.0,846.0,752.0,NORMAL
824,2,44,2026-04-02,76,3192.0,1672.0,1520.0,NORMAL
825,2,45,2026-04-02,74,1924.0,1036.0,888.0,NORMAL
826,2,46,2026-04-02,53,1166.0,636.0,530.0,NORMAL
827,2,47,2026-04-02,69,5865.0,3105.0,2760.0,NORMAL
828,2,48,2026-04-02,39,2808.0,1482.0,1326.0,NORMAL
829,2,49,2026-04-02,67,1876.0,1005.0,871.0,NORMAL
830,2,50,2026-04-02,4,460.0,240.0,220.0,SLOW_MOVER
831,2,51,2026-04-02,96,4992.0,2688.0,2304.0,NORMAL
832,2,52,2026-04-02,61,6100.0,3355.0,2745.0,NORMAL
833,2,53,2026-04-02,57,2394.0,1254.0,1140.0,NORMAL
834,2,54,2026-04-02,10,260.0,140.0,120.0,SLOW_MOVER
835,2,55,2026-04-02,14,910.0,490.0,420.0,SLOW_MOVER
836,2,56,2026-04-02,214,3638.0,1926.0,1712.0,FAST_MOVER
837,2,57,2026-04-02,338,3211.0,1690.0,1521.0,FAST_MOVER
838,2,58,2026-04-02,67,1474.0,804.0,670.0,NORMAL
839,2,59,2026-04-02,94,13630.0,7520.0,6110.0,NORMAL
840,2,60,2026-04-02,3,330.0,180.0,150.0,SLOW_MOVER
841,3,1,2026-04-02,79,1382.5,711.0,671.5,NORMAL
842,3,2,2026-04-02,61,1006.5,518.5,488.0,NORMAL
843,3,3,2026-04-02,30,420.0,225.0,195.0,NORMAL
844,3,4,2026-04-02,89,3115.0,1602.0,1513.0,NORMAL
845,3,5,2026-04-02,30,2850.0,1650.0,1200.0,NORMAL
846,3,6,2026-04-02,75,1650.0,900.0,750.0,NORMAL
847,3,7,2026-04-02,92,3864.0,2024.0,1840.0,NORMAL
848,3,8,2026-04-02,92,4784.0,2576.0,2208.0,NORMAL
849,3,9,2026-04-02,368,2024.0,1030.4,993.6,FAST_MOVER
850,3,10,2026-04-02,357,1249.5,642.6,606.9,FAST_MOVER
851,3,11,2026-04-02,58,1131.0,580.0,551.0,NORMAL
852,3,12,2026-04-02,124,2108.0,1116.0,992.0,FAST_MOVER
853,3,13,2026-04-02,158,2686.0,1422.0,1264.0,FAST_MOVER
854,3,14,2026-04-02,59,560.5,295.0,265.5,NORMAL
855,3,15,2026-04-02,47,5640.0,3055.0,2585.0,NORMAL
856,3,16,2026-04-02,97,4656.0,2425.0,2231.0,NORMAL
857,3,17,2026-04-02,30,1050.0,540.0,510.0,NORMAL
858,3,18,2026-04-02,58,696.0,377.0,319.0,NORMAL
859,3,19,2026-04-02,373,5035.5,2611.0,2424.5,FAST_MOVER
860,3,20,2026-04-02,13,546.0,286.0,260.0,SLOW_MOVER
861,3,21,2026-04-02,287,3013.5,1578.5,1435.0,FAST_MOVER
862,3,22,2026-04-02,56,1064.0,560.0,504.0,NORMAL
863,3,23,2026-04-02,38,760.0,399.0,361.0,NORMAL
864,3,24,2026-04-02,48,912.0,480.0,432.0,NORMAL
865,3,25,2026-04-02,65,1625.0,845.0,780.0,NORMAL
866,3,26,2026-04-02,12,420.0,216.0,204.0,SLOW_MOVER
867,3,27,2026-04-02,287,12915.0,6888.0,6027.0,FAST_MOVER
868,3,28,2026-04-02,307,4298.0,2302.5,1995.5,FAST_MOVER
869,3,29,2026-04-02,180,2520.0,1350.0,1170.0,FAST_MOVER
870,3,30,2026-04-02,285,7410.0,3990.0,3420.0,FAST_MOVER
871,3,31,2026-04-02,345,17940.0,9660.0,8280.0,FAST_MOVER
872,3,32,2026-04-02,92,5152.0,2760.0,2392.0,NORMAL
873,3,33,2026-04-02,96,816.0,432.0,384.0,NORMAL
874,3,34,2026-04-02,55,1045.0,550.0,495.0,NORMAL
875,3,35,2026-04-02,76,3952.0,2128.0,1824.0,NORMAL
876,3,36,2026-04-02,87,1914.0,1044.0,870.0,NORMAL
877,3,37,2026-04-02,59,708.0,383.5,324.5,NORMAL
878,3,38,2026-04-02,9,675.0,360.0,315.0,SLOW_MOVER
879,3,39,2026-04-02,60,1560.0,840.0,720.0,NORMAL
880,3,40,2026-04-02,48,1344.0,720.0,624.0,NORMAL
881,3,41,2026-04-02,71,11005.0,6035.0,4970.0,NORMAL
882,3,42,2026-04-02,86,11180.0,6020.0,5160.0,NORMAL
883,3,43,2026-04-02,51,1734.0,918.0,816.0,NORMAL
884,3,44,2026-04-02,30,1260.0,660.0,600.0,NORMAL
885,3,45,2026-04-02,66,1716.0,924.0,792.0,NORMAL
886,3,46,2026-04-02,66,1452.0,792.0,660.0,NORMAL
887,3,47,2026-04-02,23,1955.0,1035.0,920.0,NORMAL
888,3,48,2026-04-02,66,4752.0,2508.0,2244.0,NORMAL
889,3,49,2026-04-02,70,1960.0,1050.0,910.0,NORMAL
890,3,50,2026-04-02,11,1265.0,660.0,605.0,SLOW_MOVER
891,3,51,2026-04-02,69,3588.0,1932.0,1656.0,NORMAL
892,3,52,2026-04-02,44,4400.0,2420.0,1980.0,NORMAL
893,3,53,2026-04-02,92,3864.0,2024.0,1840.0,NORMAL
894,3,54,2026-04-02,7,182.0,98.0,84.0,SLOW_MOVER
895,3,55,2026-04-02,14,910.0,490.0,420.0,SLOW_MOVER
896,3,56,2026-04-02,319,5423.0,2871.0,2552.0,FAST_MOVER
897,3,57,2026-04-02,396,3762.0,1980.0,1782.0,FAST_MOVER
898,3,58,2026-04-02,39,858.0,468.0,390.0,NORMAL
899,3,59,2026-04-02,95,13775.0,7600.0,6175.0,NORMAL
900,3,60,2026-04-02,11,1210.0,660.0,550.0,SLOW_MOVER
901,4,1,2026-04-02,42,735.0,378.0,357.0,NORMAL
902,4,2,2026-04-02,42,693.0,357.0,336.0,NORMAL
903,4,3,2026-04-02,31,434.0,232.5,201.5,NORMAL
904,4,4,2026-04-02,78,2730.0,1404.0,1326.0,NORMAL
905,4,5,2026-04-02,56,5320.0,3080.0,2240.0,NORMAL
906,4,6,2026-04-02,22,484.0,264.0,220.0,NORMAL
907,4,7,2026-04-02,48,2016.0,1056.0,960.0,NORMAL
908,4,8,2026-04-02,86,4472.0,2408.0,2064.0,NORMAL
909,4,9,2026-04-02,149,819.5,417.2,402.3,FAST_MOVER
910,4,10,2026-04-02,398,1393.0,716.4,676.6,FAST_MOVER
911,4,11,2026-04-02,40,780.0,400.0,380.0,NORMAL
912,4,12,2026-04-02,271,4607.0,2439.0,2168.0,FAST_MOVER
913,4,13,2026-04-02,131,2227.0,1179.0,1048.0,FAST_MOVER
914,4,14,2026-04-02,74,703.0,370.0,333.0,NORMAL
915,4,15,2026-04-02,28,3360.0,1820.0,1540.0,NORMAL
916,4,16,2026-04-02,94,4512.0,2350.0,2162.0,NORMAL
917,4,17,2026-04-02,89,3115.0,1602.0,1513.0,NORMAL
918,4,18,2026-04-02,59,708.0,383.5,324.5,NORMAL
919,4,19,2026-04-02,399,5386.5,2793.0,2593.5,FAST_MOVER
920,4,20,2026-04-02,3,126.0,66.0,60.0,SLOW_MOVER
921,4,21,2026-04-02,291,3055.5,1600.5,1455.0,FAST_MOVER
922,4,22,2026-04-02,30,570.0,300.0,270.0,NORMAL
923,4,23,2026-04-02,55,1100.0,577.5,522.5,NORMAL
924,4,24,2026-04-02,33,627.0,330.0,297.0,NORMAL
925,4,25,2026-04-02,60,1500.0,780.0,720.0,NORMAL
926,4,26,2026-04-02,3,105.0,54.0,51.0,SLOW_MOVER
927,4,27,2026-04-02,133,5985.0,3192.0,2793.0,FAST_MOVER
928,4,28,2026-04-02,193,2702.0,1447.5,1254.5,FAST_MOVER
929,4,29,2026-04-02,169,2366.0,1267.5,1098.5,FAST_MOVER
930,4,30,2026-04-02,336,8736.0,4704.0,4032.0,FAST_MOVER
931,4,31,2026-04-02,245,12740.0,6860.0,5880.0,FAST_MOVER
932,4,32,2026-04-02,48,2688.0,1440.0,1248.0,NORMAL
933,4,33,2026-04-02,82,697.0,369.0,328.0,NORMAL
934,4,34,2026-04-02,86,1634.0,860.0,774.0,NORMAL
935,4,35,2026-04-02,63,3276.0,1764.0,1512.0,NORMAL
936,4,36,2026-04-02,78,1716.0,936.0,780.0,NORMAL
937,4,37,2026-04-02,70,840.0,455.0,385.0,NORMAL
938,4,38,2026-04-02,7,525.0,280.0,245.0,SLOW_MOVER
939,4,39,2026-04-02,63,1638.0,882.0,756.0,NORMAL
940,4,40,2026-04-02,62,1736.0,930.0,806.0,NORMAL
941,4,41,2026-04-02,37,5735.0,3145.0,2590.0,NORMAL
942,4,42,2026-04-02,83,10790.0,5810.0,4980.0,NORMAL
943,4,43,2026-04-02,82,2788.0,1476.0,1312.0,NORMAL
944,4,44,2026-04-02,88,3696.0,1936.0,1760.0,NORMAL
945,4,45,2026-04-02,29,754.0,406.0,348.0,NORMAL
946,4,46,2026-04-02,99,2178.0,1188.0,990.0,NORMAL
947,4,47,2026-04-02,25,2125.0,1125.0,1000.0,NORMAL
948,4,48,2026-04-02,72,5184.0,2736.0,2448.0,NORMAL
949,4,49,2026-04-02,64,1792.0,960.0,832.0,NORMAL
950,4,50,2026-04-02,15,1725.0,900.0,825.0,SLOW_MOVER
951,4,51,2026-04-02,20,1040.0,560.0,480.0,NORMAL
952,4,52,2026-04-02,68,6800.0,3740.0,3060.0,NORMAL
953,4,53,2026-04-02,31,1302.0,682.0,620.0,NORMAL
954,4,54,2026-04-02,9,234.0,126.0,108.0,SLOW_MOVER
955,4,55,2026-04-02,10,650.0,350.0,300.0,SLOW_MOVER
956,4,56,2026-04-02,132,2244.0,1188.0,1056.0,FAST_MOVER
957,4,57,2026-04-02,388,3686.0,1940.0,1746.0,FAST_MOVER
958,4,58,2026-04-02,66,1452.0,792.0,660.0,NORMAL
959,4,59,2026-04-02,21,3045.0,1680.0,1365.0,NORMAL
960,4,60,2026-04-02,14,1540.0,840.0,700.0,SLOW_MOVER
961,5,1,2026-04-02,34,595.0,306.0,289.0,NORMAL
962,5,2,2026-04-02,73,1204.5,620.5,584.0,NORMAL
963,5,3,2026-04-02,73,1022.0,547.5,474.5,NORMAL
964,5,4,2026-04-02,38,1330.0,684.0,646.0,NORMAL
965,5,5,2026-04-02,51,4845.0,2805.0,2040.0,NORMAL
966,5,6,2026-04-02,40,880.0,480.0,400.0,NORMAL
967,5,7,2026-04-02,68,2856.0,1496.0,1360.0,NORMAL
968,5,8,2026-04-02,41,2132.0,1148.0,984.0,NORMAL
969,5,9,2026-04-02,284,1562.0,795.2,766.8,FAST_MOVER
970,5,10,2026-04-02,224,784.0,403.2,380.8,FAST_MOVER
971,5,11,2026-04-02,69,1345.5,690.0,655.5,NORMAL
972,5,12,2026-04-02,337,5729.0,3033.0,2696.0,FAST_MOVER
973,5,13,2026-04-02,390,6630.0,3510.0,3120.0,FAST_MOVER
974,5,14,2026-04-02,57,541.5,285.0,256.5,NORMAL
975,5,15,2026-04-02,55,6600.0,3575.0,3025.0,NORMAL
976,5,16,2026-04-02,27,1296.0,675.0,621.0,NORMAL
977,5,17,2026-04-02,80,2800.0,1440.0,1360.0,NORMAL
978,5,18,2026-04-02,59,708.0,383.5,324.5,NORMAL
979,5,19,2026-04-02,178,2403.0,1246.0,1157.0,FAST_MOVER
980,5,20,2026-04-02,6,252.0,132.0,120.0,SLOW_MOVER
981,5,21,2026-04-02,199,2089.5,1094.5,995.0,FAST_MOVER
982,5,22,2026-04-02,42,798.0,420.0,378.0,NORMAL
983,5,23,2026-04-02,27,540.0,283.5,256.5,NORMAL
984,5,24,2026-04-02,78,1482.0,780.0,702.0,NORMAL
985,5,25,2026-04-02,22,550.0,286.0,264.0,NORMAL
986,5,26,2026-04-02,11,385.0,198.0,187.0,SLOW_MOVER
987,5,27,2026-04-02,366,16470.0,8784.0,7686.0,FAST_MOVER
988,5,28,2026-04-02,138,1932.0,1035.0,897.0,FAST_MOVER
989,5,29,2026-04-02,280,3920.0,2100.0,1820.0,FAST_MOVER
990,5,30,2026-04-02,175,4550.0,2450.0,2100.0,FAST_MOVER
991,5,31,2026-04-02,221,11492.0,6188.0,5304.0,FAST_MOVER
992,5,32,2026-04-02,43,2408.0,1290.0,1118.0,NORMAL
993,5,33,2026-04-02,65,552.5,292.5,260.0,NORMAL
994,5,34,2026-04-02,47,893.0,470.0,423.0,NORMAL
995,5,35,2026-04-02,95,4940.0,2660.0,2280.0,NORMAL
996,5,36,2026-04-02,50,1100.0,600.0,500.0,NORMAL
997,5,37,2026-04-02,96,1152.0,624.0,528.0,NORMAL
998,5,38,2026-04-02,13,975.0,520.0,455.0,SLOW_MOVER
999,5,39,2026-04-02,80,2080.0,1120.0,960.0,NORMAL
1000,5,40,2026-04-02,96,2688.0,1440.0,1248.0,NORMAL
1001,5,41,2026-04-02,85,13175.0,7225.0,5950.0,NORMAL
1002,5,42,2026-04-02,48,6240.0,3360.0,2880.0,NORMAL
1003,5,43,2026-04-02,76,2584.0,1368.0,1216.0,NORMAL
1004,5,44,2026-04-02,43,1806.0,946.0,860.0,NORMAL
1005,5,45,2026-04-02,55,1430.0,770.0,660.0,NORMAL
1006,5,46,2026-04-02,71,1562.0,852.0,710.0,NORMAL
1007,5,47,2026-04-02,42,3570.0,1890.0,1680.0,NORMAL
1008,5,48,2026-04-02,59,4248.0,2242.0,2006.0,NORMAL
1009,5,49,2026-04-02,100,2800.0,1500.0,1300.0,NORMAL
1010,5,50,2026-04-02,10,1150.0,600.0,550.0,SLOW_MOVER
1011,5,51,2026-04-02,90,4680.0,2520.0,2160.0,NORMAL
1012,5,52,2026-04-02,81,8100.0,4455.0,3645.0,NORMAL
1013,5,53,2026-04-02,53,2226.0,1166.0,1060.0,NORMAL
1014,5,54,2026-04-02,9,234.0,126.0,108.0,SLOW_MOVER
1015,5,55,2026-04-02,8,520.0,280.0,240.0,SLOW_MOVER
1016,5,56,2026-04-02,295,5015.0,2655.0,2360.0,FAST_MOVER
1017,5,57,2026-04-02,400,3800.0,2000.0,1800.0,FAST_MOVER
1018,5,58,2026-04-02,31,682.0,372.0,310.0,NORMAL
1019,5,59,2026-04-02,81,11745.0,6480.0,5265.0,NORMAL
1020,5,60,2026-04-02,15,1650.0,900.0,750.0,SLOW_MOVER
1021,6,1,2026-04-02,48,840.0,432.0,408.0,NORMAL
1022,6,2,2026-04-02,71,1171.5,603.5,568.0,NORMAL
1023,6,3,2026-04-02,26,364.0,195.0,169.0,NORMAL
1024,6,4,2026-04-02,47,1645.0,846.0,799.0,NORMAL
1025,6,5,2026-04-02,37,3515.0,2035.0,1480.0,NORMAL
1026,6,6,2026-04-02,69,1518.0,828.0,690.0,NORMAL
1027,6,7,2026-04-02,87,3654.0,1914.0,1740.0,NORMAL
1028,6,8,2026-04-02,86,4472.0,2408.0,2064.0,NORMAL
1029,6,9,2026-04-02,260,1430.0,728.0,702.0,FAST_MOVER
1030,6,10,2026-04-02,149,521.5,268.2,253.3,FAST_MOVER
1031,6,11,2026-04-02,50,975.0,500.0,475.0,NORMAL
1032,6,12,2026-04-02,125,2125.0,1125.0,1000.0,FAST_MOVER
1033,6,13,2026-04-02,361,6137.0,3249.0,2888.0,FAST_MOVER
1034,6,14,2026-04-02,67,636.5,335.0,301.5,NORMAL
1035,6,15,2026-04-02,77,9240.0,5005.0,4235.0,NORMAL
1036,6,16,2026-04-02,51,2448.0,1275.0,1173.0,NORMAL
1037,6,17,2026-04-02,73,2555.0,1314.0,1241.0,NORMAL
1038,6,18,2026-04-02,97,1164.0,630.5,533.5,NORMAL
1039,6,19,2026-04-02,200,2700.0,1400.0,1300.0,FAST_MOVER
1040,6,20,2026-04-02,8,336.0,176.0,160.0,SLOW_MOVER
1041,6,21,2026-04-02,200,2100.0,1100.0,1000.0,FAST_MOVER
1042,6,22,2026-04-02,61,1159.0,610.0,549.0,NORMAL
1043,6,23,2026-04-02,38,760.0,399.0,361.0,NORMAL
1044,6,24,2026-04-02,53,1007.0,530.0,477.0,NORMAL
1045,6,25,2026-04-02,86,2150.0,1118.0,1032.0,NORMAL
1046,6,26,2026-04-02,4,140.0,72.0,68.0,SLOW_MOVER
1047,6,27,2026-04-02,256,11520.0,6144.0,5376.0,FAST_MOVER
1048,6,28,2026-04-02,384,5376.0,2880.0,2496.0,FAST_MOVER
1049,6,29,2026-04-02,393,5502.0,2947.5,2554.5,FAST_MOVER
1050,6,30,2026-04-02,147,3822.0,2058.0,1764.0,FAST_MOVER
1051,6,31,2026-04-02,197,10244.0,5516.0,4728.0,FAST_MOVER
1052,6,32,2026-04-02,93,5208.0,2790.0,2418.0,NORMAL
1053,6,33,2026-04-02,42,357.0,189.0,168.0,NORMAL
1054,6,34,2026-04-02,20,380.0,200.0,180.0,NORMAL
1055,6,35,2026-04-02,46,2392.0,1288.0,1104.0,NORMAL
1056,6,36,2026-04-02,39,858.0,468.0,390.0,NORMAL
1057,6,37,2026-04-02,36,432.0,234.0,198.0,NORMAL
1058,6,38,2026-04-02,3,225.0,120.0,105.0,SLOW_MOVER
1059,6,39,2026-04-02,65,1690.0,910.0,780.0,NORMAL
1060,6,40,2026-04-02,54,1512.0,810.0,702.0,NORMAL
1061,6,41,2026-04-02,98,15190.0,8330.0,6860.0,NORMAL
1062,6,42,2026-04-02,87,11310.0,6090.0,5220.0,NORMAL
1063,6,43,2026-04-02,32,1088.0,576.0,512.0,NORMAL
1064,6,44,2026-04-02,81,3402.0,1782.0,1620.0,NORMAL
1065,6,45,2026-04-02,79,2054.0,1106.0,948.0,NORMAL
1066,6,46,2026-04-02,30,660.0,360.0,300.0,NORMAL
1067,6,47,2026-04-02,95,8075.0,4275.0,3800.0,NORMAL
1068,6,48,2026-04-02,89,6408.0,3382.0,3026.0,NORMAL
1069,6,49,2026-04-02,84,2352.0,1260.0,1092.0,NORMAL
1070,6,50,2026-04-02,6,690.0,360.0,330.0,SLOW_MOVER
1071,6,51,2026-04-02,22,1144.0,616.0,528.0,NORMAL
1072,6,52,2026-04-02,44,4400.0,2420.0,1980.0,NORMAL
1073,6,53,2026-04-02,73,3066.0,1606.0,1460.0,NORMAL
1074,6,54,2026-04-02,5,130.0,70.0,60.0,SLOW_MOVER
1075,6,55,2026-04-02,12,780.0,420.0,360.0,SLOW_MOVER
1076,6,56,2026-04-02,166,2822.0,1494.0,1328.0,FAST_MOVER
1077,6,57,2026-04-02,345,3277.5,1725.0,1552.5,FAST_MOVER
1078,6,58,2026-04-02,46,1012.0,552.0,460.0,NORMAL
1079,6,59,2026-04-02,24,3480.0,1920.0,1560.0,NORMAL
1080,6,60,2026-04-02,10,1100.0,600.0,500.0,SLOW_MOVER
