event_id,branch_id,event_type,payload,received_at,status
1,1,TRANSACTION_SYNC,"{""transaction_id"":1,""branch_id"":1,""final_amount"":144.04,""payment_method"":""CASH""}",2026-02-06 10:16:02,PROCESSED
2,1,TRANSACTION_SYNC,"{""transaction_id"":2,""branch_id"":1,""final_amount"":299.3,""payment_method"":""CASH""}",2026-02-06 12:26:01,PROCESSED
3,1,TRANSACTION_SYNC,"{""transaction_id"":3,""branch_id"":1,""final_amount"":481.79,""payment_method"":""CARD""}",2026-02-06 12:09:02,PROCESSED
4,1,TRANSACTION_SYNC,"{""transaction_id"":4,""branch_id"":1,""final_amount"":365.87,""payment_method"":""CASH""}",2026-02-06 17:43:05,PROCESSED
5,1,TRANSACTION_SYNC,"{""transaction_id"":5,""branch_id"":1,""final_amount"":282.48,""payment_method"":""CASH""}",2026-02-06 15:13:07,PROCESSED
6,1,TRANSACTION_SYNC,"{""transaction_id"":6,""branch_id"":1,""final_amount"":534.64,""payment_method"":""CASH""}",2026-02-06 12:38:06,PROCESSED
7,1,TRANSACTION_SYNC,"{""transaction_id"":7,""branch_id"":1,""final_amount"":586.73,""payment_method"":""CASH""}",2026-02-06 20:10:03,PROCESSED
8,1,TRANSACTION_SYNC,"{""transaction_id"":8,""branch_id"":1,""final_amount"":369.39,""payment_method"":""WALLET""}",2026-02-06 09:07:02,PROCESSED
9,1,TRANSACTION_SYNC,"{""transaction_id"":9,""branch_id"":1,""final_amount"":121.2,""payment_method"":""CASH""}",2026-02-06 10:09:05,PROCESSED
10,1,TRANSACTION_SYNC,"{""transaction_id"":10,""branch_id"":1,""final_amount"":362.81,""payment_method"":""CASH""}",2026-02-06 12:57:08,PROCESSED
11,1,TRANSACTION_SYNC,"{""transaction_id"":11,""branch_id"":1,""final_amount"":375.3,""payment_method"":""CASH""}",2026-02-06 21:08:03,PROCESSED
12,1,TRANSACTION_SYNC,"{""transaction_id"":12,""branch_id"":1,""final_amount"":538.24,""payment_method"":""WALLET""}",2026-02-06 20:38:01,PROCESSED
13,1,TRANSACTION_SYNC,"{""transaction_id"":13,""branch_id"":1,""final_amount"":357.75,""payment_method"":""CASH""}",2026-02-06 13:11:07,PROCESSED
14,1,TRANSACTION_SYNC,"{""transaction_id"":14,""branch_id"":1,""final_amount"":263.63,""payment_method"":""CARD""}",2026-02-06 16:51:06,PROCESSED
15,1,TRANSACTION_SYNC,"{""transaction_id"":15,""branch_id"":1,""final_amount"":512.29,""payment_method"":""CARD""}",2026-02-06 19:04:08,PROCESSED
16,1,TRANSACTION_SYNC,"{""transaction_id"":16,""branch_id"":1,""final_amount"":36.35,""payment_method"":""CASH""}",2026-02-06 14:52:04,PROCESSED
17,1,TRANSACTION_SYNC,"{""transaction_id"":17,""branch_id"":1,""final_amount"":249.99,""payment_method"":""CASH""}",2026-02-06 09:59:06,FAILED
18,1,TRANSACTION_SYNC,"{""transaction_id"":18,""branch_id"":1,""final_amount"":419.28,""payment_method"":""CARD""}",2026-02-06 19:14:01,PROCESSED
19,1,TRANSACTION_SYNC,"{""transaction_id"":19,""branch_id"":1,""final_amount"":90.28,""payment_method"":""CASH""}",2026-02-06 19:45:01,RECEIVED
20,1,TRANSACTION_SYNC,"{""transaction_id"":20,""branch_id"":1,""final_amount"":236.2,""payment_method"":""CARD""}",2026-02-06 16:26:09,PROCESSED
21,1,TRANSACTION_SYNC,"{""transaction_id"":21,""branch_id"":1,""final_amount"":69.72,""payment_method"":""WALLET""}",2026-02-06 21:30:06,FAILED
22,1,TRANSACTION_SYNC,"{""transaction_id"":22,""branch_id"":1,""final_amount"":560.0,""payment_method"":""CASH""}",2026-02-06 19:52:06,PROCESSED
23,1,TRANSACTION_SYNC,"{""transaction_id"":23,""branch_id"":1,""final_amount"":171.82,""payment_method"":""CARD""}",2026-02-06 20:28:01,PROCESSED
24,1,ALERT,"{""transaction_id"":24,""branch_id"":1,""final_amount"":246.5,""payment_method"":""CASH""}",2026-02-06 20:18:08,PROCESSED
25,1,TRANSACTION_SYNC,"{""transaction_id"":25,""branch_id"":1,""final_amount"":538.06,""payment_method"":""CARD""}",2026-02-06 15:47:01,PROCESSED
26,1,TRANSACTION_SYNC,"{""transaction_id"":26,""branch_id"":1,""final_amount"":262.7,""payment_method"":""CARD""}",2026-02-06 17:34:02,PROCESSED
27,1,TRANSACTION_SYNC,"{""transaction_id"":27,""branch_id"":1,""final_amount"":30.74,""payment_method"":""WALLET""}",2026-02-06 11:32:05,RECEIVED
28,2,TRANSACTION_SYNC,"{""transaction_id"":28,""branch_id"":2,""final_amount"":561.86,""payment_method"":""CARD""}",2026-02-06 16:35:04,PROCESSED
29,2,INVENTORY_UPDATE,"{""transaction_id"":29,""branch_id"":2,""final_amount"":144.16,""payment_method"":""WALLET""}",2026-02-06 10:37:01,PROCESSED
30,2,TRANSACTION_SYNC,"{""transaction_id"":30,""branch_id"":2,""final_amount"":548.96,""payment_method"":""CASH""}",2026-02-06 19:45:05,PROCESSED
31,2,ALERT,"{""transaction_id"":31,""branch_id"":2,""final_amount"":140.58,""payment_method"":""WALLET""}",2026-02-06 15:50:06,FAILED
32,2,TRANSACTION_SYNC,"{""transaction_id"":32,""branch_id"":2,""final_amount"":180.94,""payment_method"":""CASH""}",2026-02-06 16:55:05,PROCESSED
33,2,TRANSACTION_SYNC,"{""transaction_id"":33,""branch_id"":2,""final_amount"":268.35,""payment_method"":""CASH""}",2026-02-06 16:36:05,PROCESSED
34,2,TRANSACTION_SYNC,"{""transaction_id"":34,""branch_id"":2,""final_amount"":127.96,""payment_method"":""CASH""}",2026-02-06 16:42:02,PROCESSED
35,2,TRANSACTION_SYNC,"{""transaction_id"":35,""branch_id"":2,""final_amount"":529.96,""payment_method"":""CASH""}",2026-02-06 09:07:03,PROCESSED
36,2,TRANSACTION_SYNC,"{""transaction_id"":36,""branch_id"":2,""final_amount"":483.87,""payment_method"":""CASH""}",2026-02-06 18:43:08,PROCESSED
37,2,TRANSACTION_SYNC,"{""transaction_id"":37,""branch_id"":2,""final_amount"":351.99,""payment_method"":""CASH""}",2026-02-06 11:37:08,PROCESSED
38,2,TRANSACTION_SYNC,"{""transaction_id"":38,""branch_id"":2,""final_amount"":256.44,""payment_method"":""CASH""}",2026-02-06 21:18:03,PROCESSED
39,2,TRANSACTION_SYNC,"{""transaction_id"":39,""branch_id"":2,""final_amount"":507.57,""payment_method"":""CARD""}",2026-02-06 21:12:06,PROCESSED
40,2,TRANSACTION_SYNC,"{""transaction_id"":40,""branch_id"":2,""final_amount"":306.26,""payment_method"":""CASH""}",2026-02-06 17:58:09,PROCESSED
41,2,TRANSACTION_SYNC,"{""transaction_id"":41,""branch_id"":2,""final_amount"":472.09,""payment_method"":""CARD""}",2026-02-06 17:05:07,PROCESSED
42,2,TRANSACTION_SYNC,"{""transaction_id"":42,""branch_id"":2,""final_amount"":443.11,""payment_method"":""CASH""}",2026-02-06 21:32:08,FAILED
43,2,TRANSACTION_SYNC,"{""transaction_id"":43,""branch_id"":2,""final_amount"":124.94,""payment_method"":""CARD""}",2026-02-06 18:10:06,PROCESSED
44,2,TRANSACTION_SYNC,"{""transaction_id"":44,""branch_id"":2,""final_amount"":470.71,""payment_method"":""CARD""}",2026-02-06 13:11:06,PROCESSED
45,2,INVENTORY_UPDATE,"{""transaction_id"":45,""branch_id"":2,""final_amount"":102.19,""payment_method"":""CARD""}",2026-02-06 15:58:01,PROCESSED
46,2,TRANSACTION_SYNC,"{""transaction_id"":46,""branch_id"":2,""final_amount"":476.18,""payment_method"":""CASH""}",2026-02-06 18:55:07,PROCESSED
47,2,TRANSACTION_SYNC,"{""transaction_id"":47,""branch_id"":2,""final_amount"":529.57,""payment_method"":""CARD""}",2026-02-06 21:28:09,PROCESSED
48,2,TRANSACTION_SYNC,"{""transaction_id"":48,""branch_id"":2,""final_amount"":156.79,""payment_method"":""CASH""}",2026-02-06 13:10:03,PROCESSED
49,2,TRANSACTION_SYNC,"{""transaction_id"":49,""branch_id"":2,""final_amount"":567.88,""payment_method"":""CARD""}",2026-02-06 10:31:05,RECEIVED
50,2,TRANSACTION_SYNC,"{""transaction_id"":50,""branch_id"":2,""final_amount"":486.92,""payment_method"":""CASH""}",2026-02-06 14:54:03,PROCESSED
51,2,TRANSACTION_SYNC,"{""transaction_id"":51,""branch_id"":2,""final_amount"":408.47,""payment_method"":""CASH""}",2026-02-06 12:35:02,PROCESSED
52,2,TRANSACTION_SYNC,"{""transaction_id"":52,""branch_id"":2,""final_amount"":425.37,""payment_method"":""CARD""}",2026-02-06 20:25:09,PROCESSED
53,2,TRANSACTION_SYNC,"{""transaction_id"":53,""branch_id"":2,""final_amount"":322.0,""payment_method"":""CASH""}",2026-02-06 09:13:07,PROCESSED
54,2,TRANSACTION_SYNC,"{""transaction_id"":54,""branch_id"":2,""final_amount"":399.25,""payment_method"":""CARD""}",2026-02-06 09:36:03,PROCESSED
55,2,TRANSACTION_SYNC,"{""transaction_id"":55,""branch_id"":2,""final_amount"":507.46,""payment_method"":""WALLET""}",2026-02-06 13:03:06,PROCESSED
56,2,TRANSACTION_SYNC,"{""transaction_id"":56,""branch_id"":2,""final_amount"":127.72,""payment_method"":""CASH""}",2026-02-06 09:32:05,PROCESSED
57,2,TRANSACTION_SYNC,"{""transaction_id"":57,""branch_id"":2,""final_amount"":535.86,""payment_method"":""CASH""}",2026-02-06 14:27:02,PROCESSED
58,2,TRANSACTION_SYNC,"{""transaction_id"":58,""branch_id"":2,""final_amount"":272.3,""payment_method"":""CASH""}",2026-02-06 12:46:03,PROCESSED
59,2,TRANSACTION_SYNC,"{""transaction_id"":59,""branch_id"":2,""final_amount"":148.79,""payment_method"":""CASH""}",2026-02-06 21:11:03,PROCESSED
60,2,INVENTORY_UPDATE,"{""transaction_id"":60,""branch_id"":2,""final_amount"":300.99,""payment_method"":""CASH""}",2026-02-06 11:41:05,PROCESSED
61,2,INVENTORY_UPDATE,"{""transaction_id"":61,""branch_id"":2,""final_amount"":147.42,""payment_method"":""CASH""}",2026-02-06 15:33:04,PROCESSED
62,2,TRANSACTION_SYNC,"{""transaction_id"":62,""branch_id"":2,""final_amount"":167.72,""payment_method"":""CARD""}",2026-02-06 12:06:05,PROCESSED
63,2,TRANSACTION_SYNC,"{""transaction_id"":63,""branch_id"":2,""final_amount"":539.3,""payment_method"":""CASH""}",2026-02-06 09:42:03,PROCESSED
64,2,TRANSACTION_SYNC,"{""transaction_id"":64,""branch_id"":2,""final_amount"":135.52,""payment_method"":""CASH""}",2026-02-06 12:46:03,PROCESSED
65,2,TRANSACTION_SYNC,"{""transaction_id"":65,""branch_id"":2,""final_amount"":95.02,""payment_method"":""CASH""}",2026-02-06 17:16:08,PROCESSED
66,2,TRANSACTION_SYNC,"{""transaction_id"":66,""branch_id"":2,""final_amount"":287.86,""payment_method"":""CASH""}",2026-02-06 10:53:08,PROCESSED
67,2,TRANSACTION_SYNC,"{""transaction_id"":67,""branch_id"":2,""final_amount"":40.29,""payment_method"":""CARD""}",2026-02-06 11:49:08,PROCESSED
68,3,TRANSACTION_SYNC,"{""transaction_id"":68,""branch_id"":3,""final_amount"":46.56,""payment_method"":""CASH""}",2026-02-06 21:04:04,PROCESSED
69,3,TRANSACTION_SYNC,"{""transaction_id"":69,""branch_id"":3,""final_amount"":263.54,""payment_method"":""CASH""}",2026-02-06 20:23:03,PROCESSED
70,3,TRANSACTION_SYNC,"{""transaction_id"":70,""branch_id"":3,""final_amount"":257.96,""payment_method"":""CARD""}",2026-02-06 13:20:07,PROCESSED
71,3,TRANSACTION_SYNC,"{""transaction_id"":71,""branch_id"":3,""final_amount"":490.79,""payment_method"":""CASH""}",2026-02-06 09:14:05,RECEIVED
72,3,TRANSACTION_SYNC,"{""transaction_id"":72,""branch_id"":3,""final_amount"":215.86,""payment_method"":""CASH""}",2026-02-06 18:15:02,PROCESSED
73,3,TRANSACTION_SYNC,"{""transaction_id"":73,""branch_id"":3,""final_amount"":267.99,""payment_method"":""CASH""}",2026-02-06 13:04:05,PROCESSED
74,3,TRANSACTION_SYNC,"{""transaction_id"":74,""branch_id"":3,""final_amount"":99.51,""payment_method"":""CASH""}",2026-02-06 21:45:04,PROCESSED
75,3,TRANSACTION_SYNC,"{""transaction_id"":75,""branch_id"":3,""final_amount"":272.72,""payment_method"":""CASH""}",2026-02-06 20:34:06,PROCESSED
76,3,TRANSACTION_SYNC,"{""transaction_id"":76,""branch_id"":3,""final_amount"":524.59,""payment_method"":""CARD""}",2026-02-06 13:29:01,PROCESSED
77,3,TRANSACTION_SYNC,"{""transaction_id"":77,""branch_id"":3,""final_amount"":200.65,""payment_method"":""CASH""}",2026-02-06 18:05:06,PROCESSED
78,3,INVENTORY_UPDATE,"{""transaction_id"":78,""branch_id"":3,""final_amount"":521.6,""payment_method"":""CASH""}",2026-02-06 18:37:06,RECEIVED
79,3,TRANSACTION_SYNC,"{""transaction_id"":79,""branch_id"":3,""final_amount"":41.17,""payment_method"":""CASH""}",2026-02-06 10:00:08,PROCESSED
80,3,TRANSACTION_SYNC,"{""transaction_id"":80,""branch_id"":3,""final_amount"":503.3,""payment_method"":""CASH""}",2026-02-06 21:44:05,PROCESSED
81,3,TRANSACTION_SYNC,"{""transaction_id"":81,""branch_id"":3,""final_amount"":569.09,""payment_method"":""CASH""}",2026-02-06 21:26:05,PROCESSED
82,3,TRANSACTION_SYNC,"{""transaction_id"":82,""branch_id"":3,""final_amount"":390.13,""payment_method"":""CASH""}",2026-02-06 13:54:01,PROCESSED
83,3,TRANSACTION_SYNC,"{""transaction_id"":83,""branch_id"":3,""final_amount"":459.17,""payment_method"":""CASH""}",2026-02-06 10:16:01,PROCESSED
84,3,TRANSACTION_SYNC,"{""transaction_id"":84,""branch_id"":3,""final_amount"":252.96,""payment_method"":""CASH""}",2026-02-06 21:32:09,PROCESSED
85,4,TRANSACTION_SYNC,"{""transaction_id"":85,""branch_id"":4,""final_amount"":173.8,""payment_method"":""CARD""}",2026-02-06 11:12:02,PROCESSED
86,4,INVENTORY_UPDATE,"{""transaction_id"":86,""branch_id"":4,""final_amount"":288.83,""payment_method"":""CASH""}",2026-02-06 17:04:04,PROCESSED
87,4,INVENTORY_UPDATE,"{""transaction_id"":87,""branch_id"":4,""final_amount"":346.8,""payment_method"":""CASH""}",2026-02-06 21:46:08,PROCESSED
88,4,TRANSACTION_SYNC,"{""transaction_id"":88,""branch_id"":4,""final_amount"":361.01,""payment_method"":""CASH""}",2026-02-06 16:06:01,RECEIVED
89,4,INVENTORY_UPDATE,"{""transaction_id"":89,""branch_id"":4,""final_amount"":32.73,""payment_method"":""CARD""}",2026-02-06 10:09:02,PROCESSED
90,4,TRANSACTION_SYNC,"{""transaction_id"":90,""branch_id"":4,""final_amount"":433.6,""payment_method"":""CARD""}",2026-02-06 12:05:04,PROCESSED
91,4,TRANSACTION_SYNC,"{""transaction_id"":91,""branch_id"":4,""final_amount"":214.47,""payment_method"":""CASH""}",2026-02-06 09:28:07,PROCESSED
92,4,TRANSACTION_SYNC,"{""transaction_id"":92,""branch_id"":4,""final_amount"":273.0,""payment_method"":""CASH""}",2026-02-06 09:44:08,PROCESSED
93,4,INVENTORY_UPDATE,"{""transaction_id"":93,""branch_id"":4,""final_amount"":383.92,""payment_method"":""WALLET""}",2026-02-06 12:51:04,PROCESSED
94,4,ALERT,"{""transaction_id"":94,""branch_id"":4,""final_amount"":439.46,""payment_method"":""CARD""}",2026-02-06 20:33:02,PROCESSED
95,4,TRANSACTION_SYNC,"{""transaction_id"":95,""branch_id"":4,""final_amount"":37.54,""payment_method"":""CASH""}",2026-02-06 15:02:03,PROCESSED
96,4,TRANSACTION_SYNC,"{""transaction_id"":96,""branch_id"":4,""final_amount"":300.91,""payment_method"":""CASH""}",2026-02-06 17:21:05,PROCESSED
97,4,TRANSACTION_SYNC,"{""transaction_id"":97,""branch_id"":4,""final_amount"":444.22,""payment_method"":""CASH""}",2026-02-06 15:12:09,PROCESSED
98,4,TRANSACTION_SYNC,"{""transaction_id"":98,""branch_id"":4,""final_amount"":52.95,""payment_method"":""CASH""}",2026-02-06 17:34:07,PROCESSED
99,4,TRANSACTION_SYNC,"{""transaction_id"":99,""branch_id"":4,""final_amount"":230.28,""payment_method"":""CASH""}",2026-02-06 21:22:04,RECEIVED
100,4,TRANSACTION_SYNC,"{""transaction_id"":100,""branch_id"":4,""final_amount"":65.98,""payment_method"":""WALLET""}",2026-02-06 14:37:08,PROCESSED
101,4,TRANSACTION_SYNC,"{""transaction_id"":101,""branch_id"":4,""final_amount"":331.51,""payment_method"":""CARD""}",2026-02-06 13:26:04,RECEIVED
102,4,TRANSACTION_SYNC,"{""transaction_id"":102,""branch_id"":4,""final_amount"":106.89,""payment_method"":""CASH""}",2026-02-06 21:49:06,PROCESSED
103,4,TRANSACTION_SYNC,"{""transaction_id"":103,""branch_id"":4,""final_amount"":308.18,""payment_method"":""CASH""}",2026-02-06 17:35:06,PROCESSED
104,4,INVENTORY_UPDATE,"{""transaction_id"":104,""branch_id"":4,""final_amount"":172.06,""payment_method"":""CARD""}",2026-02-06 14:01:08,PROCESSED
105,4,TRANSACTION_SYNC,"{""transaction_id"":105,""branch_id"":4,""final_amount"":160.23,""payment_method"":""CASH""}",2026-02-06 21:32:06,PROCESSED
106,4,TRANSACTION_SYNC,"{""transaction_id"":106,""branch_id"":4,""final_amount"":102.31,""payment_method"":""WALLET""}",2026-02-06 11:41:08,RECEIVED
107,4,TRANSACTION_SYNC,"{""transaction_id"":107,""branch_id"":4,""final_amount"":424.97,""payment_method"":""WALLET""}",2026-02-06 12:46:05,PROCESSED
108,4,TRANSACTION_SYNC,"{""transaction_id"":108,""branch_id"":4,""final_amount"":258.38,""payment_method"":""CARD""}",2026-02-06 20:00:05,PROCESSED
109,5,TRANSACTION_SYNC,"{""transaction_id"":109,""branch_id"":5,""final_amount"":376.07,""payment_method"":""WALLET""}",2026-02-06 11:55:04,PROCESSED
110,5,TRANSACTION_SYNC,"{""transaction_id"":110,""branch_id"":5,""final_amount"":175.0,""payment_method"":""CASH""}",2026-02-06 09:19:04,PROCESSED
111,5,TRANSACTION_SYNC,"{""transaction_id"":111,""branch_id"":5,""final_amount"":386.36,""payment_method"":""CASH""}",2026-02-06 21:31:04,PROCESSED
112,5,TRANSACTION_SYNC,"{""transaction_id"":112,""branch_id"":5,""final_amount"":192.01,""payment_method"":""CARD""}",2026-02-06 09:50:01,PROCESSED
113,5,TRANSACTION_SYNC,"{""transaction_id"":113,""branch_id"":5,""final_amount"":358.33,""payment_method"":""CASH""}",2026-02-06 15:43:08,PROCESSED
114,5,TRANSACTION_SYNC,"{""transaction_id"":114,""branch_id"":5,""final_amount"":131.21,""payment_method"":""CASH""}",2026-02-06 20:26:04,PROCESSED
115,5,TRANSACTION_SYNC,"{""transaction_id"":115,""branch_id"":5,""final_amount"":576.07,""payment_method"":""CASH""}",2026-02-06 21:01:09,PROCESSED
116,5,INVENTORY_UPDATE,"{""transaction_id"":116,""branch_id"":5,""final_amount"":162.12,""payment_method"":""CASH""}",2026-02-06 13:16:05,PROCESSED
117,5,TRANSACTION_SYNC,"{""transaction_id"":117,""branch_id"":5,""final_amount"":241.54,""payment_method"":""CASH""}",2026-02-06 21:10:07,PROCESSED
118,5,TRANSACTION_SYNC,"{""transaction_id"":118,""branch_id"":5,""final_amount"":112.84,""payment_method"":""CASH""}",2026-02-06 16:40:09,PROCESSED
119,5,TRANSACTION_SYNC,"{""transaction_id"":119,""branch_id"":5,""final_amount"":446.96,""payment_method"":""CASH""}",2026-02-06 18:03:01,PROCESSED
120,5,TRANSACTION_SYNC,"{""transaction_id"":120,""branch_id"":5,""final_amount"":311.58,""payment_method"":""CASH""}",2026-02-06 12:32:01,PROCESSED
121,5,TRANSACTION_SYNC,"{""transaction_id"":121,""branch_id"":5,""final_amount"":458.11,""payment_method"":""WALLET""}",2026-02-06 17:20:09,FAILED
122,5,TRANSACTION_SYNC,"{""transaction_id"":122,""branch_id"":5,""final_amount"":587.11,""payment_method"":""CASH""}",2026-02-06 21:15:07,RECEIVED
123,5,TRANSACTION_SYNC,"{""transaction_id"":123,""branch_id"":5,""final_amount"":119.32,""payment_method"":""CARD""}",2026-02-06 12:21:08,FAILED
124,5,TRANSACTION_SYNC,"{""transaction_id"":124,""branch_id"":5,""final_amount"":135.19,""payment_method"":""CASH""}",2026-02-06 12:46:01,PROCESSED
125,5,INVENTORY_UPDATE,"{""transaction_id"":125,""branch_id"":5,""final_amount"":251.54,""payment_method"":""CASH""}",2026-02-06 17:40:07,PROCESSED
126,5,TRANSACTION_SYNC,"{""transaction_id"":126,""branch_id"":5,""final_amount"":351.48,""payment_method"":""CASH""}",2026-02-06 11:39:02,PROCESSED
127,5,TRANSACTION_SYNC,"{""transaction_id"":127,""branch_id"":5,""final_amount"":304.29,""payment_method"":""CARD""}",2026-02-06 16:28:05,PROCESSED
128,5,TRANSACTION_SYNC,"{""transaction_id"":128,""branch_id"":5,""final_amount"":121.02,""payment_method"":""CASH""}",2026-02-06 17:28:08,PROCESSED
129,5,TRANSACTION_SYNC,"{""transaction_id"":129,""branch_id"":5,""final_amount"":450.33,""payment_method"":""CASH""}",2026-02-06 19:29:04,PROCESSED
130,6,TRANSACTION_SYNC,"{""transaction_id"":130,""branch_id"":6,""final_amount"":226.9,""payment_method"":""CASH""}",2026-02-06 14:53:03,RECEIVED
131,6,TRANSACTION_SYNC,"{""transaction_id"":131,""branch_id"":6,""final_amount"":445.59,""payment_method"":""CARD""}",2026-02-06 17:27:05,PROCESSED
132,6,TRANSACTION_SYNC,"{""transaction_id"":132,""branch_id"":6,""final_amount"":84.96,""payment_method"":""CARD""}",2026-02-06 12:49:05,PROCESSED
133,6,TRANSACTION_SYNC,"{""transaction_id"":133,""branch_id"":6,""final_amount"":41.53,""payment_method"":""WALLET""}",2026-02-06 09:12:04,PROCESSED
134,6,TRANSACTION_SYNC,"{""transaction_id"":134,""branch_id"":6,""final_amount"":565.52,""payment_method"":""CASH""}",2026-02-06 11:29:07,PROCESSED
135,6,TRANSACTION_SYNC,"{""transaction_id"":135,""branch_id"":6,""final_amount"":301.47,""payment_method"":""CASH""}",2026-02-06 12:18:04,PROCESSED
136,6,TRANSACTION_SYNC,"{""transaction_id"":136,""branch_id"":6,""final_amount"":398.01,""payment_method"":""CASH""}",2026-02-06 12:51:06,PROCESSED
137,6,TRANSACTION_SYNC,"{""transaction_id"":137,""branch_id"":6,""final_amount"":551.05,""payment_method"":""CARD""}",2026-02-06 14:11:03,PROCESSED
138,6,TRANSACTION_SYNC,"{""transaction_id"":138,""branch_id"":6,""final_amount"":220.54,""payment_method"":""CARD""}",2026-02-06 16:00:05,PROCESSED
139,6,TRANSACTION_SYNC,"{""transaction_id"":139,""branch_id"":6,""final_amount"":41.71,""payment_method"":""CARD""}",2026-02-06 09:27:04,RECEIVED
140,6,TRANSACTION_SYNC,"{""transaction_id"":140,""branch_id"":6,""final_amount"":423.3,""payment_method"":""CASH""}",2026-02-06 18:21:01,PROCESSED
141,6,TRANSACTION_SYNC,"{""transaction_id"":141,""branch_id"":6,""final_amount"":576.94,""payment_method"":""CASH""}",2026-02-06 12:42:02,PROCESSED
142,6,TRANSACTION_SYNC,"{""transaction_id"":142,""branch_id"":6,""final_amount"":455.44,""payment_method"":""CASH""}",2026-02-06 10:50:08,PROCESSED
143,6,TRANSACTION_SYNC,"{""transaction_id"":143,""branch_id"":6,""final_amount"":418.09,""payment_method"":""CASH""}",2026-02-06 12:54:05,PROCESSED
144,6,TRANSACTION_SYNC,"{""transaction_id"":144,""branch_id"":6,""final_amount"":60.62,""payment_method"":""CASH""}",2026-02-06 15:10:01,PROCESSED
145,6,TRANSACTION_SYNC,"{""transaction_id"":145,""branch_id"":6,""final_amount"":525.95,""payment_method"":""CASH""}",2026-02-06 20:50:02,PROCESSED
146,6,TRANSACTION_SYNC,"{""transaction_id"":146,""branch_id"":6,""final_amount"":113.94,""payment_method"":""CARD""}",2026-02-06 19:03:05,PROCESSED
147,6,TRANSACTION_SYNC,"{""transaction_id"":147,""branch_id"":6,""final_amount"":48.78,""payment_method"":""CASH""}",2026-02-06 13:41:01,PROCESSED
148,6,TRANSACTION_SYNC,"{""transaction_id"":148,""branch_id"":6,""final_amount"":359.64,""payment_method"":""CASH""}",2026-02-06 12:16:01,PROCESSED
149,6,ALERT,"{""transaction_id"":149,""branch_id"":6,""final_amount"":505.6,""payment_method"":""CASH""}",2026-02-06 09:40:07,PROCESSED
150,6,INVENTORY_UPDATE,"{""transaction_id"":150,""branch_id"":6,""final_amount"":200.0,""payment_method"":""CASH""}",2026-02-06 21:14:02,RECEIVED
151,1,TRANSACTION_SYNC,"{""transaction_id"":151,""branch_id"":1,""final_amount"":469.91,""payment_method"":""CASH""}",2026-02-07 12:28:09,PROCESSED
152,1,INVENTORY_UPDATE,"{""transaction_id"":152,""branch_id"":1,""final_amount"":536.55,""payment_method"":""CASH""}",2026-02-07 14:29:04,PROCESSED
153,1,TRANSACTION_SYNC,"{""transaction_id"":153,""branch_id"":1,""final_amount"":87.26,""payment_method"":""CASH""}",2026-02-07 13:55:02,PROCESSED
154,1,TRANSACTION_SYNC,"{""transaction_id"":154,""branch_id"":1,""final_amount"":38.42,""payment_method"":""CASH""}",2026-02-07 10:04:04,RECEIVED
155,1,INVENTORY_UPDATE,"{""transaction_id"":155,""branch_id"":1,""final_amount"":75.01,""payment_method"":""CARD""}",2026-02-07 21:23:07,PROCESSED
156,1,TRANSACTION_SYNC,"{""transaction_id"":156,""branch_id"":1,""final_amount"":255.34,""payment_method"":""CASH""}",2026-02-07 12:32:09,PROCESSED
157,1,TRANSACTION_SYNC,"{""transaction_id"":157,""branch_id"":1,""final_amount"":212.77,""payment_method"":""CASH""}",2026-02-07 19:52:03,PROCESSED
158,1,TRANSACTION_SYNC,"{""transaction_id"":158,""branch_id"":1,""final_amount"":371.3,""payment_method"":""CARD""}",2026-02-07 17:20:03,PROCESSED
159,1,TRANSACTION_SYNC,"{""transaction_id"":159,""branch_id"":1,""final_amount"":378.97,""payment_method"":""CASH""}",2026-02-07 20:13:01,PROCESSED
160,1,TRANSACTION_SYNC,"{""transaction_id"":160,""branch_id"":1,""final_amount"":46.75,""payment_method"":""CARD""}",2026-02-07 11:12:01,PROCESSED
161,1,TRANSACTION_SYNC,"{""transaction_id"":161,""branch_id"":1,""final_amount"":121.23,""payment_method"":""CARD""}",2026-02-07 13:05:07,PROCESSED
162,1,TRANSACTION_SYNC,"{""transaction_id"":162,""branch_id"":1,""final_amount"":134.15,""payment_method"":""CARD""}",2026-02-07 19:39:07,FAILED
163,1,TRANSACTION_SYNC,"{""transaction_id"":163,""branch_id"":1,""final_amount"":395.82,""payment_method"":""CARD""}",2026-02-07 13:33:08,PROCESSED
164,1,INVENTORY_UPDATE,"{""transaction_id"":164,""branch_id"":1,""final_amount"":98.85,""payment_method"":""CASH""}",2026-02-07 21:30:04,PROCESSED
165,1,INVENTORY_UPDATE,"{""transaction_id"":165,""branch_id"":1,""final_amount"":433.76,""payment_method"":""CARD""}",2026-02-07 10:55:02,RECEIVED
166,1,TRANSACTION_SYNC,"{""transaction_id"":166,""branch_id"":1,""final_amount"":127.69,""payment_method"":""CARD""}",2026-02-07 17:37:02,PROCESSED
167,1,TRANSACTION_SYNC,"{""transaction_id"":167,""branch_id"":1,""final_amount"":463.46,""payment_method"":""CARD""}",2026-02-07 11:42:01,PROCESSED
168,1,TRANSACTION_SYNC,"{""transaction_id"":168,""branch_id"":1,""final_amount"":477.53,""payment_method"":""CASH""}",2026-02-07 21:32:02,PROCESSED
169,1,TRANSACTION_SYNC,"{""transaction_id"":169,""branch_id"":1,""final_amount"":235.91,""payment_method"":""CARD""}",2026-02-07 18:54:05,PROCESSED
170,1,ALERT,"{""transaction_id"":170,""branch_id"":1,""final_amount"":575.32,""payment_method"":""CASH""}",2026-02-07 19:17:05,PROCESSED
171,1,TRANSACTION_SYNC,"{""transaction_id"":171,""branch_id"":1,""final_amount"":140.89,""payment_method"":""CASH""}",2026-02-07 16:44:02,PROCESSED
172,2,TRANSACTION_SYNC,"{""transaction_id"":172,""branch_id"":2,""final_amount"":301.19,""payment_method"":""CASH""}",2026-02-07 11:13:05,PROCESSED
173,2,TRANSACTION_SYNC,"{""transaction_id"":173,""branch_id"":2,""final_amount"":412.5,""payment_method"":""CASH""}",2026-02-07 14:00:02,PROCESSED
174,2,INVENTORY_UPDATE,"{""transaction_id"":174,""branch_id"":2,""final_amount"":413.46,""payment_method"":""CASH""}",2026-02-07 11:24:02,PROCESSED
175,2,TRANSACTION_SYNC,"{""transaction_id"":175,""branch_id"":2,""final_amount"":336.15,""payment_method"":""CASH""}",2026-02-07 17:06:01,PROCESSED
176,2,TRANSACTION_SYNC,"{""transaction_id"":176,""branch_id"":2,""final_amount"":85.16,""payment_method"":""CASH""}",2026-02-07 15:49:04,PROCESSED
177,2,TRANSACTION_SYNC,"{""transaction_id"":177,""branch_id"":2,""final_amount"":537.2,""payment_method"":""CASH""}",2026-02-07 18:38:04,PROCESSED
178,2,TRANSACTION_SYNC,"{""transaction_id"":178,""branch_id"":2,""final_amount"":169.22,""payment_method"":""CASH""}",2026-02-07 19:07:06,PROCESSED
179,2,TRANSACTION_SYNC,"{""transaction_id"":179,""branch_id"":2,""final_amount"":455.55,""payment_method"":""CARD""}",2026-02-07 12:36:03,PROCESSED
180,2,TRANSACTION_SYNC,"{""transaction_id"":180,""branch_id"":2,""final_amount"":480.07,""payment_method"":""CASH""}",2026-02-07 16:53:01,PROCESSED
181,2,TRANSACTION_SYNC,"{""transaction_id"":181,""branch_id"":2,""final_amount"":551.16,""payment_method"":""CASH""}",2026-02-07 10:24:07,PROCESSED
182,2,TRANSACTION_SYNC,"{""transaction_id"":182,""branch_id"":2,""final_amount"":300.36,""payment_method"":""CASH""}",2026-02-07 13:51:01,PROCESSED
183,2,TRANSACTION_SYNC,"{""transaction_id"":183,""branch_id"":2,""final_amount"":77.54,""payment_method"":""CARD""}",2026-02-07 11:14:04,PROCESSED
184,2,TRANSACTION_SYNC,"{""transaction_id"":184,""branch_id"":2,""final_amount"":69.36,""payment_method"":""CASH""}",2026-02-07 17:50:05,RECEIVED
185,2,TRANSACTION_SYNC,"{""transaction_id"":185,""branch_id"":2,""final_amount"":327.96,""payment_method"":""CARD""}",2026-02-07 16:08:07,RECEIVED
186,2,TRANSACTION_SYNC,"{""transaction_id"":186,""branch_id"":2,""final_amount"":105.25,""payment_method"":""CASH""}",2026-02-07 20:24:07,PROCESSED
187,2,TRANSACTION_SYNC,"{""transaction_id"":187,""branch_id"":2,""final_amount"":65.68,""payment_method"":""CASH""}",2026-02-07 19:34:07,PROCESSED
188,2,TRANSACTION_SYNC,"{""transaction_id"":188,""branch_id"":2,""final_amount"":267.98,""payment_method"":""CASH""}",2026-02-07 10:28:09,PROCESSED
189,2,TRANSACTION_SYNC,"{""transaction_id"":189,""branch_id"":2,""final_amount"":303.53,""payment_method"":""CASH""}",2026-02-07 19:24:01,PROCESSED
190,2,INVENTORY_UPDATE,"{""transaction_id"":190,""branch_id"":2,""final_amount"":110.07,""payment_method"":""CASH""}",2026-02-07 20:42:08,PROCESSED
191,2,TRANSACTION_SYNC,"{""transaction_id"":191,""branch_id"":2,""final_amount"":384.47,""payment_method"":""CARD""}",2026-02-07 09:48:07,PROCESSED
192,2,TRANSACTION_SYNC,"{""transaction_id"":192,""branch_id"":2,""final_amount"":252.04,""payment_method"":""WALLET""}",2026-02-07 11:00:07,PROCESSED
193,2,TRANSACTION_SYNC,"{""transaction_id"":193,""branch_id"":2,""final_amount"":335.92,""payment_method"":""CASH""}",2026-02-07 16:18:03,PROCESSED
194,2,INVENTORY_UPDATE,"{""transaction_id"":194,""branch_id"":2,""final_amount"":228.5,""payment_method"":""WALLET""}",2026-02-07 11:59:02,PROCESSED
195,2,INVENTORY_UPDATE,"{""transaction_id"":195,""branch_id"":2,""final_amount"":64.84,""payment_method"":""CASH""}",2026-02-07 20:20:03,PROCESSED
196,2,TRANSACTION_SYNC,"{""transaction_id"":196,""branch_id"":2,""final_amount"":294.01,""payment_method"":""CASH""}",2026-02-07 13:58:02,PROCESSED
197,2,ALERT,"{""transaction_id"":197,""branch_id"":2,""final_amount"":217.27,""payment_method"":""CARD""}",2026-02-07 18:37:09,FAILED
198,2,INVENTORY_UPDATE,"{""transaction_id"":198,""branch_id"":2,""final_amount"":44.4,""payment_method"":""CARD""}",2026-02-07 11:13:09,PROCESSED
199,2,ALERT,"{""transaction_id"":199,""branch_id"":2,""final_amount"":415.99,""payment_method"":""CASH""}",2026-02-07 10:28:08,PROCESSED
200,2,TRANSACTION_SYNC,"{""transaction_id"":200,""branch_id"":2,""final_amount"":57.0,""payment_method"":""CASH""}",2026-02-07 12:16:06,PROCESSED
201,2,TRANSACTION_SYNC,"{""transaction_id"":201,""branch_id"":2,""final_amount"":394.84,""payment_method"":""CASH""}",2026-02-07 21:12:01,PROCESSED
202,2,TRANSACTION_SYNC,"{""transaction_id"":202,""branch_id"":2,""final_amount"":282.29,""payment_method"":""CASH""}",2026-02-07 19:59:06,PROCESSED
203,2,INVENTORY_UPDATE,"{""transaction_id"":203,""branch_id"":2,""final_amount"":414.09,""payment_method"":""CARD""}",2026-02-07 09:00:06,PROCESSED
204,2,ALERT,"{""transaction_id"":204,""branch_id"":2,""final_amount"":276.1,""payment_method"":""CASH""}",2026-02-07 21:24:02,PROCESSED
205,3,TRANSACTION_SYNC,"{""transaction_id"":205,""branch_id"":3,""final_amount"":525.93,""payment_method"":""CASH""}",2026-02-07 18:57:03,PROCESSED
206,3,TRANSACTION_SYNC,"{""transaction_id"":206,""branch_id"":3,""final_amount"":464.54,""payment_method"":""CASH""}",2026-02-07 14:44:07,PROCESSED
207,3,TRANSACTION_SYNC,"{""transaction_id"":207,""branch_id"":3,""final_amount"":535.73,""payment_method"":""CARD""}",2026-02-07 09:18:05,PROCESSED
208,3,TRANSACTION_SYNC,"{""transaction_id"":208,""branch_id"":3,""final_amount"":299.9,""payment_method"":""CARD""}",2026-02-07 13:32:06,PROCESSED
209,3,TRANSACTION_SYNC,"{""transaction_id"":209,""branch_id"":3,""final_amount"":517.71,""payment_method"":""CASH""}",2026-02-07 14:43:06,PROCESSED
210,3,INVENTORY_UPDATE,"{""transaction_id"":210,""branch_id"":3,""final_amount"":194.14,""payment_method"":""CASH""}",2026-02-07 10:13:08,PROCESSED
211,3,TRANSACTION_SYNC,"{""transaction_id"":211,""branch_id"":3,""final_amount"":424.43,""payment_method"":""CARD""}",2026-02-07 13:56:03,PROCESSED
212,3,TRANSACTION_SYNC,"{""transaction_id"":212,""branch_id"":3,""final_amount"":521.78,""payment_method"":""CARD""}",2026-02-07 09:04:04,PROCESSED
213,3,TRANSACTION_SYNC,"{""transaction_id"":213,""branch_id"":3,""final_amount"":214.98,""payment_method"":""CASH""}",2026-02-07 19:47:02,PROCESSED
214,3,TRANSACTION_SYNC,"{""transaction_id"":214,""branch_id"":3,""final_amount"":430.98,""payment_method"":""CASH""}",2026-02-07 13:52:05,PROCESSED
215,3,TRANSACTION_SYNC,"{""transaction_id"":215,""branch_id"":3,""final_amount"":524.34,""payment_method"":""WALLET""}",2026-02-07 15:16:09,PROCESSED
216,3,INVENTORY_UPDATE,"{""transaction_id"":216,""branch_id"":3,""final_amount"":201.04,""payment_method"":""WALLET""}",2026-02-07 10:20:04,PROCESSED
217,3,TRANSACTION_SYNC,"{""transaction_id"":217,""branch_id"":3,""final_amount"":359.09,""payment_method"":""CASH""}",2026-02-07 11:13:03,PROCESSED
218,3,INVENTORY_UPDATE,"{""transaction_id"":218,""branch_id"":3,""final_amount"":363.04,""payment_method"":""CASH""}",2026-02-07 16:16:07,PROCESSED
219,3,TRANSACTION_SYNC,"{""transaction_id"":219,""branch_id"":3,""final_amount"":139.8,""payment_method"":""CARD""}",2026-02-07 18:17:03,PROCESSED
220,3,TRANSACTION_SYNC,"{""transaction_id"":220,""branch_id"":3,""final_amount"":536.94,""payment_method"":""CASH""}",2026-02-07 20:05:05,PROCESSED
221,3,TRANSACTION_SYNC,"{""transaction_id"":221,""branch_id"":3,""final_amount"":339.39,""payment_method"":""CASH""}",2026-02-07 15:11:07,PROCESSED
222,3,TRANSACTION_SYNC,"{""transaction_id"":222,""branch_id"":3,""final_amount"":338.06,""payment_method"":""CARD""}",2026-02-07 12:22:02,PROCESSED
223,3,TRANSACTION_SYNC,"{""transaction_id"":223,""branch_id"":3,""final_amount"":508.6,""payment_method"":""CASH""}",2026-02-07 16:19:09,PROCESSED
224,3,TRANSACTION_SYNC,"{""transaction_id"":224,""branch_id"":3,""final_amount"":290.43,""payment_method"":""CASH""}",2026-02-07 21:38:05,PROCESSED
225,3,TRANSACTION_SYNC,"{""transaction_id"":225,""branch_id"":3,""final_amount"":402.07,""payment_method"":""CASH""}",2026-02-07 20:59:05,PROCESSED
226,3,ALERT,"{""transaction_id"":226,""branch_id"":3,""final_amount"":524.63,""payment_method"":""CASH""}",2026-02-07 13:22:07,PROCESSED
227,3,INVENTORY_UPDATE,"{""transaction_id"":227,""branch_id"":3,""final_amount"":178.29,""payment_method"":""CASH""}",2026-02-07 15:43:01,PROCESSED
228,3,TRANSACTION_SYNC,"{""transaction_id"":228,""branch_id"":3,""final_amount"":466.52,""payment_method"":""CASH""}",2026-02-07 16:38:01,PROCESSED
229,3,TRANSACTION_SYNC,"{""transaction_id"":229,""branch_id"":3,""final_amount"":161.98,""payment_method"":""CASH""}",2026-02-07 19:53:03,PROCESSED
230,3,TRANSACTION_SYNC,"{""transaction_id"":230,""branch_id"":3,""final_amount"":49.66,""payment_method"":""CASH""}",2026-02-07 18:19:06,PROCESSED
231,3,INVENTORY_UPDATE,"{""transaction_id"":231,""branch_id"":3,""final_amount"":420.89,""payment_method"":""CASH""}",2026-02-07 10:07:04,PROCESSED
232,3,TRANSACTION_SYNC,"{""transaction_id"":232,""branch_id"":3,""final_amount"":128.27,""payment_method"":""CASH""}",2026-02-07 09:09:06,PROCESSED
233,3,TRANSACTION_SYNC,"{""transaction_id"":233,""branch_id"":3,""final_amount"":436.16,""payment_method"":""CASH""}",2026-02-07 21:48:02,PROCESSED
234,3,TRANSACTION_SYNC,"{""transaction_id"":234,""branch_id"":3,""final_amount"":239.19,""payment_method"":""CASH""}",2026-02-07 14:40:09,PROCESSED
235,3,TRANSACTION_SYNC,"{""transaction_id"":235,""branch_id"":3,""final_amount"":261.14,""payment_method"":""CASH""}",2026-02-07 17:05:02,RECEIVED
236,3,ALERT,"{""transaction_id"":236,""branch_id"":3,""final_amount"":397.19,""payment_method"":""CARD""}",2026-02-07 17:56:09,PROCESSED
237,3,TRANSACTION_SYNC,"{""transaction_id"":237,""branch_id"":3,""final_amount"":504.02,""payment_method"":""CASH""}",2026-02-07 16:22:07,PROCESSED
238,3,TRANSACTION_SYNC,"{""transaction_id"":238,""branch_id"":3,""final_amount"":244.64,""payment_method"":""CASH""}",2026-02-07 18:48:09,PROCESSED
239,3,TRANSACTION_SYNC,"{""transaction_id"":239,""branch_id"":3,""final_amount"":130.43,""payment_method"":""CASH""}",2026-02-07 18:42:08,PROCESSED
240,3,TRANSACTION_SYNC,"{""transaction_id"":240,""branch_id"":3,""final_amount"":311.07,""payment_method"":""CASH""}",2026-02-07 17:24:09,PROCESSED
241,3,TRANSACTION_SYNC,"{""transaction_id"":241,""branch_id"":3,""final_amount"":38.15,""payment_method"":""CASH""}",2026-02-07 18:00:05,PROCESSED
242,3,TRANSACTION_SYNC,"{""transaction_id"":242,""branch_id"":3,""final_amount"":272.45,""payment_method"":""CASH""}",2026-02-07 10:34:07,PROCESSED
243,4,TRANSACTION_SYNC,"{""transaction_id"":243,""branch_id"":4,""final_amount"":280.62,""payment_method"":""CASH""}",2026-02-07 11:42:01,PROCESSED
244,4,ALERT,"{""transaction_id"":244,""branch_id"":4,""final_amount"":479.1,""payment_method"":""CARD""}",2026-02-07 10:03:07,RECEIVED
245,4,INVENTORY_UPDATE,"{""transaction_id"":245,""branch_id"":4,""final_amount"":123.19,""payment_method"":""CASH""}",2026-02-07 20:57:06,PROCESSED
246,4,TRANSACTION_SYNC,"{""transaction_id"":246,""branch_id"":4,""final_amount"":356.04,""payment_method"":""CARD""}",2026-02-07 10:33:09,PROCESSED
247,4,TRANSACTION_SYNC,"{""transaction_id"":247,""branch_id"":4,""final_amount"":434.95,""payment_method"":""CASH""}",2026-02-07 14:40:05,PROCESSED
248,4,TRANSACTION_SYNC,"{""transaction_id"":248,""branch_id"":4,""final_amount"":256.22,""payment_method"":""CARD""}",2026-02-07 10:07:01,PROCESSED
249,4,TRANSACTION_SYNC,"{""transaction_id"":249,""branch_id"":4,""final_amount"":253.74,""payment_method"":""CARD""}",2026-02-07 21:54:03,PROCESSED
250,4,TRANSACTION_SYNC,"{""transaction_id"":250,""branch_id"":4,""final_amount"":253.28,""payment_method"":""CARD""}",2026-02-07 13:15:09,PROCESSED
251,4,TRANSACTION_SYNC,"{""transaction_id"":251,""branch_id"":4,""final_amount"":475.45,""payment_method"":""WALLET""}",2026-02-07 17:44:04,PROCESSED
252,4,INVENTORY_UPDATE,"{""transaction_id"":252,""branch_id"":4,""final_amount"":459.66,""payment_method"":""CASH""}",2026-02-07 09:59:02,PROCESSED
253,4,ALERT,"{""transaction_id"":253,""branch_id"":4,""final_amount"":117.38,""payment_method"":""CASH""}",2026-02-07 10:06:08,PROCESSED
254,4,TRANSACTION_SYNC,"{""transaction_id"":254,""branch_id"":4,""final_amount"":403.08,""payment_method"":""CARD""}",2026-02-07 19:35:03,PROCESSED
255,4,TRANSACTION_SYNC,"{""transaction_id"":255,""branch_id"":4,""final_amount"":526.94,""payment_method"":""CARD""}",2026-02-07 09:08:09,PROCESSED
256,4,TRANSACTION_SYNC,"{""transaction_id"":256,""branch_id"":4,""final_amount"":266.06,""payment_method"":""CASH""}",2026-02-07 11:34:08,RECEIVED
257,4,TRANSACTION_SYNC,"{""transaction_id"":257,""branch_id"":4,""final_amount"":254.95,""payment_method"":""CASH""}",2026-02-07 17:26:04,PROCESSED
258,4,ALERT,"{""transaction_id"":258,""branch_id"":4,""final_amount"":160.47,""payment_method"":""CARD""}",2026-02-07 12:47:08,PROCESSED
259,4,TRANSACTION_SYNC,"{""transaction_id"":259,""branch_id"":4,""final_amount"":335.2,""payment_method"":""CARD""}",2026-02-07 15:01:07,PROCESSED
260,4,INVENTORY_UPDATE,"{""transaction_id"":260,""branch_id"":4,""final_amount"":148.73,""payment_method"":""CASH""}",2026-02-07 17:20:06,PROCESSED
261,4,ALERT,"{""transaction_id"":261,""branch_id"":4,""final_amount"":210.72,""payment_method"":""CASH""}",2026-02-07 12:03:05,PROCESSED
262,4,TRANSACTION_SYNC,"{""transaction_id"":262,""branch_id"":4,""final_amount"":274.55,""payment_method"":""CASH""}",2026-02-07 15:23:09,PROCESSED
263,4,TRANSACTION_SYNC,"{""transaction_id"":263,""branch_id"":4,""final_amount"":481.15,""payment_method"":""CARD""}",2026-02-07 11:50:06,PROCESSED
264,4,TRANSACTION_SYNC,"{""transaction_id"":264,""branch_id"":4,""final_amount"":401.69,""payment_method"":""CARD""}",2026-02-07 13:06:09,PROCESSED
265,4,TRANSACTION_SYNC,"{""transaction_id"":265,""branch_id"":4,""final_amount"":409.56,""payment_method"":""CASH""}",2026-02-07 21:15:02,PROCESSED
266,4,TRANSACTION_SYNC,"{""transaction_id"":266,""branch_id"":4,""final_amount"":170.28,""payment_method"":""CASH""}",2026-02-07 16:09:08,PROCESSED
267,4,ALERT,"{""transaction_id"":267,""branch_id"":4,""final_amount"":144.4,""payment_method"":""CARD""}",2026-02-07 10:54:07,PROCESSED
268,4,TRANSACTION_SYNC,"{""transaction_id"":268,""branch_id"":4,""final_amount"":147.38,""payment_method"":""CASH""}",2026-02-07 11:21:01,PROCESSED
269,4,TRANSACTION_SYNC,"{""transaction_id"":269,""branch_id"":4,""final_amount"":40.82,""payment_method"":""CASH""}",2026-02-07 19:26:04,PROCESSED
270,4,TRANSACTION_SYNC,"{""transaction_id"":270,""branch_id"":4,""final_amount"":266.72,""payment_method"":""CASH""}",2026-02-07 10:08:02,PROCESSED
271,4,TRANSACTION_SYNC,"{""transaction_id"":271,""branch_id"":4,""final_amount"":60.78,""payment_method"":""CASH""}",2026-02-07 18:48:01,PROCESSED
272,4,TRANSACTION_SYNC,"{""transaction_id"":272,""branch_id"":4,""final_amount"":521.91,""payment_method"":""CASH""}",2026-02-07 12:15:09,PROCESSED
273,4,TRANSACTION_SYNC,"{""transaction_id"":273,""branch_id"":4,""final_amount"":50.93,""payment_method"":""CASH""}",2026-02-07 11:27:05,RECEIVED
274,4,TRANSACTION_SYNC,"{""transaction_id"":274,""branch_id"":4,""final_amount"":522.28,""payment_method"":""CASH""}",2026-02-07 19:18:01,PROCESSED
275,4,TRANSACTION_SYNC,"{""transaction_id"":275,""branch_id"":4,""final_amount"":60.46,""payment_method"":""CASH""}",2026-02-07 16:55:01,PROCESSED
276,4,TRANSACTION_SYNC,"{""transaction_id"":276,""branch_id"":4,""final_amount"":37.52,""payment_method"":""CARD""}",2026-02-07 14:45:03,PROCESSED
277,4,TRANSACTION_SYNC,"{""transaction_id"":277,""branch_id"":4,""final_amount"":440.53,""payment_method"":""CASH""}",2026-02-07 09:11:02,PROCESSED
278,5,TRANSACTION_SYNC,"{""transaction_id"":278,""branch_id"":5,""final_amount"":489.43,""payment_method"":""WALLET""}",2026-02-07 12:26:02,PROCESSED
279,5,INVENTORY_UPDATE,"{""transaction_id"":279,""branch_id"":5,""final_amount"":63.03,""payment_method"":""CARD""}",2026-02-07 16:53:07,PROCESSED
280,5,TRANSACTION_SYNC,"{""transaction_id"":280,""branch_id"":5,""final_amount"":336.85,""payment_method"":""CASH""}",2026-02-07 09:09:08,PROCESSED
281,5,INVENTORY_UPDATE,"{""transaction_id"":281,""branch_id"":5,""final_amount"":499.07,""payment_method"":""CASH""}",2026-02-07 12:25:02,PROCESSED
282,5,TRANSACTION_SYNC,"{""transaction_id"":282,""branch_id"":5,""final_amount"":485.27,""payment_method"":""CASH""}",2026-02-07 13:57:08,RECEIVED
283,5,TRANSACTION_SYNC,"{""transaction_id"":283,""branch_id"":5,""final_amount"":599.48,""payment_method"":""WALLET""}",2026-02-07 10:28:07,RECEIVED
284,5,INVENTORY_UPDATE,"{""transaction_id"":284,""branch_id"":5,""final_amount"":136.04,""payment_method"":""CASH""}",2026-02-07 20:42:02,PROCESSED
285,5,INVENTORY_UPDATE,"{""transaction_id"":285,""branch_id"":5,""final_amount"":491.25,""payment_method"":""CASH""}",2026-02-07 16:00:04,PROCESSED
286,5,TRANSACTION_SYNC,"{""transaction_id"":286,""branch_id"":5,""final_amount"":365.65,""payment_method"":""CARD""}",2026-02-07 09:06:09,PROCESSED
287,5,TRANSACTION_SYNC,"{""transaction_id"":287,""branch_id"":5,""final_amount"":188.6,""payment_method"":""WALLET""}",2026-02-07 12:18:04,PROCESSED
288,5,TRANSACTION_SYNC,"{""transaction_id"":288,""branch_id"":5,""final_amount"":428.97,""payment_method"":""CASH""}",2026-02-07 18:46:04,PROCESSED
289,5,TRANSACTION_SYNC,"{""transaction_id"":289,""branch_id"":5,""final_amount"":127.13,""payment_method"":""CARD""}",2026-02-07 17:09:08,PROCESSED
290,5,TRANSACTION_SYNC,"{""transaction_id"":290,""branch_id"":5,""final_amount"":235.65,""payment_method"":""CARD""}",2026-02-07 09:34:04,PROCESSED
291,5,TRANSACTION_SYNC,"{""transaction_id"":291,""branch_id"":5,""final_amount"":213.89,""payment_method"":""CASH""}",2026-02-07 10:52:02,PROCESSED
292,5,INVENTORY_UPDATE,"{""transaction_id"":292,""branch_id"":5,""final_amount"":279.07,""payment_method"":""WALLET""}",2026-02-07 12:53:06,PROCESSED
293,5,TRANSACTION_SYNC,"{""transaction_id"":293,""branch_id"":5,""final_amount"":123.42,""payment_method"":""CARD""}",2026-02-07 12:11:05,PROCESSED
294,5,INVENTORY_UPDATE,"{""transaction_id"":294,""branch_id"":5,""final_amount"":523.12,""payment_method"":""CASH""}",2026-02-07 09:41:09,PROCESSED
295,5,TRANSACTION_SYNC,"{""transaction_id"":295,""branch_id"":5,""final_amount"":353.71,""payment_method"":""CASH""}",2026-02-07 21:12:08,RECEIVED
296,5,TRANSACTION_SYNC,"{""transaction_id"":296,""branch_id"":5,""final_amount"":266.61,""payment_method"":""CASH""}",2026-02-07 14:05:07,PROCESSED
297,5,TRANSACTION_SYNC,"{""transaction_id"":297,""branch_id"":5,""final_amount"":500.47,""payment_method"":""CARD""}",2026-02-07 17:23:05,PROCESSED
298,5,INVENTORY_UPDATE,"{""transaction_id"":298,""branch_id"":5,""final_amount"":363.01,""payment_method"":""CARD""}",2026-02-07 12:03:02,PROCESSED
299,5,TRANSACTION_SYNC,"{""transaction_id"":299,""branch_id"":5,""final_amount"":367.78,""payment_method"":""CASH""}",2026-02-07 18:35:04,PROCESSED
300,5,TRANSACTION_SYNC,"{""transaction_id"":300,""branch_id"":5,""final_amount"":377.74,""payment_method"":""CARD""}",2026-02-07 17:51:03,PROCESSED
301,5,TRANSACTION_SYNC,"{""transaction_id"":301,""branch_id"":5,""final_amount"":192.64,""payment_method"":""CASH""}",2026-02-07 14:43:06,PROCESSED
302,5,TRANSACTION_SYNC,"{""transaction_id"":302,""branch_id"":5,""final_amount"":368.27,""payment_method"":""CASH""}",2026-02-07 15:03:06,PROCESSED
303,5,TRANSACTION_SYNC,"{""transaction_id"":303,""branch_id"":5,""final_amount"":175.96,""payment_method"":""CASH""}",2026-02-07 12:26:05,PROCESSED
304,5,INVENTORY_UPDATE,"{""transaction_id"":304,""branch_id"":5,""final_amount"":377.04,""payment_method"":""CARD""}",2026-02-07 15:56:01,RECEIVED
305,5,TRANSACTION_SYNC,"{""transaction_id"":305,""branch_id"":5,""final_amount"":574.97,""payment_method"":""CARD""}",2026-02-07 11:12:04,PROCESSED
306,5,TRANSACTION_SYNC,"{""transaction_id"":306,""branch_id"":5,""final_amount"":517.75,""payment_method"":""CASH""}",2026-02-07 17:44:04,PROCESSED
307,5,TRANSACTION_SYNC,"{""transaction_id"":307,""branch_id"":5,""final_amount"":286.92,""payment_method"":""CARD""}",2026-02-07 13:06:06,PROCESSED
308,5,TRANSACTION_SYNC,"{""transaction_id"":308,""branch_id"":5,""final_amount"":250.72,""payment_method"":""CARD""}",2026-02-07 20:28:05,PROCESSED
309,5,TRANSACTION_SYNC,"{""transaction_id"":309,""branch_id"":5,""final_amount"":87.98,""payment_method"":""CASH""}",2026-02-07 17:48:02,PROCESSED
310,5,TRANSACTION_SYNC,"{""transaction_id"":310,""branch_id"":5,""final_amount"":216.21,""payment_method"":""WALLET""}",2026-02-07 19:13:06,PROCESSED
311,5,TRANSACTION_SYNC,"{""transaction_id"":311,""branch_id"":5,""final_amount"":238.32,""payment_method"":""CARD""}",2026-02-07 14:20:06,PROCESSED
312,5,TRANSACTION_SYNC,"{""transaction_id"":312,""branch_id"":5,""final_amount"":518.11,""payment_method"":""CASH""}",2026-02-07 15:50:03,PROCESSED
313,5,TRANSACTION_SYNC,"{""transaction_id"":313,""branch_id"":5,""final_amount"":210.63,""payment_method"":""CASH""}",2026-02-07 09:17:05,PROCESSED
314,5,INVENTORY_UPDATE,"{""transaction_id"":314,""branch_id"":5,""final_amount"":143.08,""payment_method"":""CASH""}",2026-02-07 14:11:03,PROCESSED
315,5,TRANSACTION_SYNC,"{""transaction_id"":315,""branch_id"":5,""final_amount"":314.15,""payment_method"":""CASH""}",2026-02-07 15:52:06,PROCESSED
316,5,TRANSACTION_SYNC,"{""transaction_id"":316,""branch_id"":5,""final_amount"":133.78,""payment_method"":""CASH""}",2026-02-07 17:48:08,PROCESSED
317,5,TRANSACTION_SYNC,"{""transaction_id"":317,""branch_id"":5,""final_amount"":330.18,""payment_method"":""CARD""}",2026-02-07 21:52:09,PROCESSED
318,6,TRANSACTION_SYNC,"{""transaction_id"":318,""branch_id"":6,""final_amount"":263.98,""payment_method"":""CASH""}",2026-02-07 21:33:09,PROCESSED
319,6,TRANSACTION_SYNC,"{""transaction_id"":319,""branch_id"":6,""final_amount"":139.44,""payment_method"":""CASH""}",2026-02-07 16:41:08,PROCESSED
320,6,TRANSACTION_SYNC,"{""transaction_id"":320,""branch_id"":6,""final_amount"":177.17,""payment_method"":""CASH""}",2026-02-07 09:17:06,PROCESSED
321,6,TRANSACTION_SYNC,"{""transaction_id"":321,""branch_id"":6,""final_amount"":94.44,""payment_method"":""WALLET""}",2026-02-07 20:10:09,PROCESSED
322,6,TRANSACTION_SYNC,"{""transaction_id"":322,""branch_id"":6,""final_amount"":478.74,""payment_method"":""CASH""}",2026-02-07 17:58:08,PROCESSED
323,6,ALERT,"{""transaction_id"":323,""branch_id"":6,""final_amount"":552.25,""payment_method"":""CASH""}",2026-02-07 21:09:01,PROCESSED
324,6,TRANSACTION_SYNC,"{""transaction_id"":324,""branch_id"":6,""final_amount"":86.66,""payment_method"":""CASH""}",2026-02-07 19:19:02,PROCESSED
325,6,TRANSACTION_SYNC,"{""transaction_id"":325,""branch_id"":6,""final_amount"":53.63,""payment_method"":""CASH""}",2026-02-07 11:41:09,PROCESSED
326,6,TRANSACTION_SYNC,"{""transaction_id"":326,""branch_id"":6,""final_amount"":401.86,""payment_method"":""CASH""}",2026-02-07 13:36:05,PROCESSED
327,6,TRANSACTION_SYNC,"{""transaction_id"":327,""branch_id"":6,""final_amount"":463.28,""payment_method"":""CARD""}",2026-02-07 17:50:01,PROCESSED
328,6,TRANSACTION_SYNC,"{""transaction_id"":328,""branch_id"":6,""final_amount"":418.13,""payment_method"":""CASH""}",2026-02-07 17:59:03,PROCESSED
329,6,INVENTORY_UPDATE,"{""transaction_id"":329,""branch_id"":6,""final_amount"":345.04,""payment_method"":""CARD""}",2026-02-07 16:44:05,PROCESSED
330,6,TRANSACTION_SYNC,"{""transaction_id"":330,""branch_id"":6,""final_amount"":464.49,""payment_method"":""CASH""}",2026-02-07 09:53:02,PROCESSED
331,6,TRANSACTION_SYNC,"{""transaction_id"":331,""branch_id"":6,""final_amount"":476.73,""payment_method"":""CARD""}",2026-02-07 18:28:05,PROCESSED
332,6,TRANSACTION_SYNC,"{""transaction_id"":332,""branch_id"":6,""final_amount"":66.01,""payment_method"":""CASH""}",2026-02-07 18:34:05,PROCESSED
333,6,TRANSACTION_SYNC,"{""transaction_id"":333,""branch_id"":6,""final_amount"":176.34,""payment_method"":""CARD""}",2026-02-07 14:24:07,PROCESSED
334,6,TRANSACTION_SYNC,"{""transaction_id"":334,""branch_id"":6,""final_amount"":393.84,""payment_method"":""CASH""}",2026-02-07 09:03:04,PROCESSED
335,6,TRANSACTION_SYNC,"{""transaction_id"":335,""branch_id"":6,""final_amount"":378.86,""payment_method"":""CARD""}",2026-02-07 16:40:03,PROCESSED
336,6,TRANSACTION_SYNC,"{""transaction_id"":336,""branch_id"":6,""final_amount"":145.98,""payment_method"":""CASH""}",2026-02-07 10:14:06,PROCESSED
337,6,TRANSACTION_SYNC,"{""transaction_id"":337,""branch_id"":6,""final_amount"":299.75,""payment_method"":""CASH""}",2026-02-07 14:30:02,PROCESSED
338,6,TRANSACTION_SYNC,"{""transaction_id"":338,""branch_id"":6,""final_amount"":458.64,""payment_method"":""CARD""}",2026-02-07 10:52:02,PROCESSED
339,6,TRANSACTION_SYNC,"{""transaction_id"":339,""branch_id"":6,""final_amount"":65.55,""payment_method"":""CASH""}",2026-02-07 20:45:08,RECEIVED
340,6,TRANSACTION_SYNC,"{""transaction_id"":340,""branch_id"":6,""final_amount"":210.4,""payment_method"":""CARD""}",2026-02-07 19:49:09,PROCESSED
341,6,TRANSACTION_SYNC,"{""transaction_id"":341,""branch_id"":6,""final_amount"":546.7,""payment_method"":""CASH""}",2026-02-07 19:09:08,PROCESSED
342,6,INVENTORY_UPDATE,"{""transaction_id"":342,""branch_id"":6,""final_amount"":520.49,""payment_method"":""CASH""}",2026-02-07 10:18:05,PROCESSED
343,6,ALERT,"{""transaction_id"":343,""branch_id"":6,""final_amount"":314.24,""payment_method"":""CARD""}",2026-02-07 10:44:07,PROCESSED
344,6,TRANSACTION_SYNC,"{""transaction_id"":344,""branch_id"":6,""final_amount"":407.84,""payment_method"":""CARD""}",2026-02-07 12:22:06,PROCESSED
345,6,TRANSACTION_SYNC,"{""transaction_id"":345,""branch_id"":6,""final_amount"":97.26,""payment_method"":""CARD""}",2026-02-07 13:45:06,PROCESSED
346,6,INVENTORY_UPDATE,"{""transaction_id"":346,""branch_id"":6,""final_amount"":456.28,""payment_method"":""CASH""}",2026-02-07 11:45:05,PROCESSED
347,6,TRANSACTION_SYNC,"{""transaction_id"":347,""branch_id"":6,""final_amount"":346.99,""payment_method"":""CARD""}",2026-02-07 19:13:09,PROCESSED
348,6,TRANSACTION_SYNC,"{""transaction_id"":348,""branch_id"":6,""final_amount"":488.34,""payment_method"":""CARD""}",2026-02-07 13:57:09,PROCESSED
349,6,TRANSACTION_SYNC,"{""transaction_id"":349,""branch_id"":6,""final_amount"":147.18,""payment_method"":""CASH""}",2026-02-07 11:02:02,PROCESSED
350,6,TRANSACTION_SYNC,"{""transaction_id"":350,""branch_id"":6,""final_amount"":468.22,""payment_method"":""CASH""}",2026-02-07 09:04:01,PROCESSED
351,1,TRANSACTION_SYNC,"{""transaction_id"":351,""branch_id"":1,""final_amount"":436.24,""payment_method"":""CASH""}",2026-02-08 09:39:07,PROCESSED
352,1,TRANSACTION_SYNC,"{""transaction_id"":352,""branch_id"":1,""final_amount"":129.3,""payment_method"":""CASH""}",2026-02-08 14:40:05,PROCESSED
353,1,INVENTORY_UPDATE,"{""transaction_id"":353,""branch_id"":1,""final_amount"":65.15,""payment_method"":""WALLET""}",2026-02-08 15:15:08,PROCESSED
354,1,TRANSACTION_SYNC,"{""transaction_id"":354,""branch_id"":1,""final_amount"":491.92,""payment_method"":""WALLET""}",2026-02-08 16:11:04,PROCESSED
355,1,TRANSACTION_SYNC,"{""transaction_id"":355,""branch_id"":1,""final_amount"":300.67,""payment_method"":""CARD""}",2026-02-08 11:39:03,PROCESSED
356,1,INVENTORY_UPDATE,"{""transaction_id"":356,""branch_id"":1,""final_amount"":355.1,""payment_method"":""CASH""}",2026-02-08 11:40:04,PROCESSED
357,1,INVENTORY_UPDATE,"{""transaction_id"":357,""branch_id"":1,""final_amount"":348.41,""payment_method"":""CASH""}",2026-02-08 09:15:07,PROCESSED
358,1,ALERT,"{""transaction_id"":358,""branch_id"":1,""final_amount"":404.1,""payment_method"":""CARD""}",2026-02-08 09:04:04,PROCESSED
359,1,TRANSACTION_SYNC,"{""transaction_id"":359,""branch_id"":1,""final_amount"":176.95,""payment_method"":""CARD""}",2026-02-08 10:18:05,PROCESSED
360,1,ALERT,"{""transaction_id"":360,""branch_id"":1,""final_amount"":111.94,""payment_method"":""CARD""}",2026-02-08 21:28:07,PROCESSED
361,1,TRANSACTION_SYNC,"{""transaction_id"":361,""branch_id"":1,""final_amount"":465.18,""payment_method"":""CASH""}",2026-02-08 18:16:01,PROCESSED
362,1,TRANSACTION_SYNC,"{""transaction_id"":362,""branch_id"":1,""final_amount"":494.51,""payment_method"":""CARD""}",2026-02-08 19:45:02,PROCESSED
363,1,TRANSACTION_SYNC,"{""transaction_id"":363,""branch_id"":1,""final_amount"":460.64,""payment_method"":""CARD""}",2026-02-08 10:28:06,PROCESSED
364,1,TRANSACTION_SYNC,"{""transaction_id"":364,""branch_id"":1,""final_amount"":307.0,""payment_method"":""CASH""}",2026-02-08 21:24:09,PROCESSED
365,1,TRANSACTION_SYNC,"{""transaction_id"":365,""branch_id"":1,""final_amount"":144.43,""payment_method"":""CARD""}",2026-02-08 19:23:08,PROCESSED
366,1,TRANSACTION_SYNC,"{""transaction_id"":366,""branch_id"":1,""final_amount"":566.64,""payment_method"":""CASH""}",2026-02-08 09:39:03,PROCESSED
367,1,TRANSACTION_SYNC,"{""transaction_id"":367,""branch_id"":1,""final_amount"":164.76,""payment_method"":""CASH""}",2026-02-08 10:10:07,PROCESSED
368,2,TRANSACTION_SYNC,"{""transaction_id"":368,""branch_id"":2,""final_amount"":317.32,""payment_method"":""WALLET""}",2026-02-08 17:45:07,PROCESSED
369,2,TRANSACTION_SYNC,"{""transaction_id"":369,""branch_id"":2,""final_amount"":86.91,""payment_method"":""CASH""}",2026-02-08 15:05:05,PROCESSED
370,2,TRANSACTION_SYNC,"{""transaction_id"":370,""branch_id"":2,""final_amount"":316.57,""payment_method"":""CASH""}",2026-02-08 17:41:01,PROCESSED
371,2,TRANSACTION_SYNC,"{""transaction_id"":371,""branch_id"":2,""final_amount"":209.39,""payment_method"":""CASH""}",2026-02-08 09:43:06,PROCESSED
372,2,TRANSACTION_SYNC,"{""transaction_id"":372,""branch_id"":2,""final_amount"":92.07,""payment_method"":""WALLET""}",2026-02-08 10:02:06,PROCESSED
373,2,TRANSACTION_SYNC,"{""transaction_id"":373,""branch_id"":2,""final_amount"":494.0,""payment_method"":""CASH""}",2026-02-08 17:38:09,PROCESSED
374,2,TRANSACTION_SYNC,"{""transaction_id"":374,""branch_id"":2,""final_amount"":121.01,""payment_method"":""CARD""}",2026-02-08 19:31:09,PROCESSED
375,2,INVENTORY_UPDATE,"{""transaction_id"":375,""branch_id"":2,""final_amount"":527.55,""payment_method"":""WALLET""}",2026-02-08 12:15:06,PROCESSED
376,2,TRANSACTION_SYNC,"{""transaction_id"":376,""branch_id"":2,""final_amount"":484.6,""payment_method"":""WALLET""}",2026-02-08 09:51:02,PROCESSED
377,2,TRANSACTION_SYNC,"{""transaction_id"":377,""branch_id"":2,""final_amount"":144.81,""payment_method"":""CARD""}",2026-02-08 11:30:08,PROCESSED
378,2,INVENTORY_UPDATE,"{""transaction_id"":378,""branch_id"":2,""final_amount"":516.37,""payment_method"":""CASH""}",2026-02-08 18:38:07,PROCESSED
379,2,TRANSACTION_SYNC,"{""transaction_id"":379,""branch_id"":2,""final_amount"":303.05,""payment_method"":""CARD""}",2026-02-08 16:59:02,PROCESSED
380,2,TRANSACTION_SYNC,"{""transaction_id"":380,""branch_id"":2,""final_amount"":290.53,""payment_method"":""CASH""}",2026-02-08 09:02:04,PROCESSED
381,2,TRANSACTION_SYNC,"{""transaction_id"":381,""branch_id"":2,""final_amount"":437.83,""payment_method"":""CARD""}",2026-02-08 09:33:06,PROCESSED
382,2,TRANSACTION_SYNC,"{""transaction_id"":382,""branch_id"":2,""final_amount"":524.26,""payment_method"":""CARD""}",2026-02-08 11:22:05,PROCESSED
383,2,TRANSACTION_SYNC,"{""transaction_id"":383,""branch_id"":2,""final_amount"":485.92,""payment_method"":""CASH""}",2026-02-08 13:23:01,PROCESSED
384,2,TRANSACTION_SYNC,"{""transaction_id"":384,""branch_id"":2,""final_amount"":273.65,""payment_method"":""CASH""}",2026-02-08 16:31:04,PROCESSED
385,2,TRANSACTION_SYNC,"{""transaction_id"":385,""branch_id"":2,""final_amount"":244.49,""payment_method"":""CARD""}",2026-02-08 10:49:07,PROCESSED
386,2,TRANSACTION_SYNC,"{""transaction_id"":386,""branch_id"":2,""final_amount"":188.87,""payment_method"":""CASH""}",2026-02-08 15:20:07,PROCESSED
387,2,TRANSACTION_SYNC,"{""transaction_id"":387,""branch_id"":2,""final_amount"":276.11,""payment_method"":""CARD""}",2026-02-08 13:14:03,PROCESSED
388,2,TRANSACTION_SYNC,"{""transaction_id"":388,""branch_id"":2,""final_amount"":99.04,""payment_method"":""CARD""}",2026-02-08 09:37:09,PROCESSED
389,2,TRANSACTION_SYNC,"{""transaction_id"":389,""branch_id"":2,""final_amount"":249.82,""payment_method"":""CASH""}",2026-02-08 14:08:07,PROCESSED
390,2,ALERT,"{""transaction_id"":390,""branch_id"":2,""final_amount"":302.28,""payment_method"":""CARD""}",2026-02-08 09:39:01,PROCESSED
391,2,TRANSACTION_SYNC,"{""transaction_id"":391,""branch_id"":2,""final_amount"":91.64,""payment_method"":""CASH""}",2026-02-08 12:41:09,PROCESSED
392,2,INVENTORY_UPDATE,"{""transaction_id"":392,""branch_id"":2,""final_amount"":388.45,""payment_method"":""CASH""}",2026-02-08 09:42:05,FAILED
393,2,TRANSACTION_SYNC,"{""transaction_id"":393,""branch_id"":2,""final_amount"":318.27,""payment_method"":""CASH""}",2026-02-08 16:55:04,PROCESSED
394,2,TRANSACTION_SYNC,"{""transaction_id"":394,""branch_id"":2,""final_amount"":146.64,""payment_method"":""CASH""}",2026-02-08 17:04:03,PROCESSED
395,2,TRANSACTION_SYNC,"{""transaction_id"":395,""branch_id"":2,""final_amount"":369.16,""payment_method"":""CARD""}",2026-02-08 11:38:03,PROCESSED
396,2,TRANSACTION_SYNC,"{""transaction_id"":396,""branch_id"":2,""final_amount"":443.46,""payment_method"":""WALLET""}",2026-02-08 10:45:02,PROCESSED
397,2,TRANSACTION_SYNC,"{""transaction_id"":397,""branch_id"":2,""final_amount"":200.84,""payment_method"":""CASH""}",2026-02-08 11:50:09,PROCESSED
398,2,ALERT,"{""transaction_id"":398,""branch_id"":2,""final_amount"":401.75,""payment_method"":""CARD""}",2026-02-08 18:09:04,PROCESSED
399,2,INVENTORY_UPDATE,"{""transaction_id"":399,""branch_id"":2,""final_amount"":378.87,""payment_method"":""CASH""}",2026-02-08 18:38:09,PROCESSED
400,2,TRANSACTION_SYNC,"{""transaction_id"":400,""branch_id"":2,""final_amount"":165.1,""payment_method"":""CASH""}",2026-02-08 16:29:07,PROCESSED
