item_id,transaction_id,product_id,quantity,unit_price,subtotal
1,1,21,1,10.5,10.5
2,1,13,3,17.0,51.0
3,1,16,4,48.0,192.0
4,1,53,2,42.0,84.0
5,2,36,1,22.0,22.0
6,2,41,3,155.0,465.0
7,2,43,1,34.0,34.0
8,3,12,4,17.0,68.0
9,3,51,2,52.0,104.0
10,3,53,3,42.0,126.0
11,3,13,3,17.0,51.0
12,3,33,1,8.5,8.5
13,4,36,3,22.0,66.0
14,4,50,4,115.0,460.0
15,5,15,1,120.0,120.0
16,5,13,2,17.0,34.0
17,5,5,4,95.0,380.0
18,6,7,2,42.0,84.0
19,6,54,3,26.0,78.0
20,7,7,4,42.0,168.0
21,7,37,1,12.0,12.0
22,8,18,1,12.0,12.0
23,8,29,3,14.0,42.0
24,9,54,4,26.0,104.0
25,9,50,2,115.0,230.0
26,10,37,2,12.0,24.0
27,10,31,4,52.0,208.0
28,10,26,1,35.0,35.0
29,11,4,1,35.0,35.0
30,11,32,3,56.0,168.0
31,12,8,4,52.0,208.0
32,12,17,1,35.0,35.0
33,12,33,4,8.5,34.0
34,12,58,1,22.0,22.0
35,12,37,2,12.0,24.0
36,13,34,4,19.0,76.0
37,13,6,3,22.0,66.0
38,13,2,4,16.5,66.0
39,13,54,1,26.0,26.0
40,14,51,2,52.0,104.0
41,14,31,1,52.0,52.0
42,15,16,4,48.0,192.0
43,15,6,1,22.0,22.0
44,16,31,2,52.0,104.0
45,16,7,3,42.0,126.0
46,16,57,2,9.5,19.0
47,16,55,1,65.0,65.0
48,16,9,2,5.5,11.0
49,17,10,2,3.5,7.0
50,17,2,4,16.5,66.0
51,17,4,4,35.0,140.0
52,18,33,1,8.5,8.5
53,18,18,4,12.0,48.0
54,18,39,4,26.0,104.0
55,18,54,3,26.0,78.0
56,18,57,3,9.5,28.5
57,19,30,4,26.0,104.0
58,19,56,1,17.0,17.0
59,19,13,1,17.0,17.0
60,19,2,1,16.5,16.5
61,20,1,1,17.5,17.5
62,20,6,2,22.0,44.0
63,20,43,1,34.0,34.0
64,21,11,4,19.5,78.0
65,21,7,4,42.0,168.0
66,21,43,4,34.0,136.0
67,21,25,2,25.0,50.0
68,21,19,4,13.5,54.0
69,22,19,3,13.5,40.5
70,22,56,3,17.0,51.0
71,22,58,2,22.0,44.0
72,22,6,3,22.0,66.0
73,23,49,4,28.0,112.0
74,23,47,4,85.0,340.0
75,23,44,3,42.0,126.0
76,23,31,4,52.0,208.0
77,24,60,1,110.0,110.0
78,24,6,2,22.0,44.0
79,24,18,2,12.0,24.0
80,24,44,3,42.0,126.0
81,25,14,1,9.5,9.5
82,25,59,1,145.0,145.0
83,26,41,2,155.0,310.0
84,26,45,3,26.0,78.0
85,27,42,4,130.0,520.0
86,27,22,1,19.0,19.0
87,27,4,3,35.0,105.0
88,28,24,1,19.0,19.0
89,28,30,1,26.0,26.0
90,29,48,1,72.0,72.0
91,29,54,4,26.0,104.0
92,29,10,1,3.5,3.5
93,29,32,1,56.0,56.0
94,29,26,1,35.0,35.0
95,30,50,3,115.0,345.0
96,30,9,3,5.5,16.5
97,30,3,2,14.0,28.0
98,30,59,1,145.0,145.0
99,30,51,1,52.0,52.0
100,31,36,4,22.0,88.0
101,31,47,1,85.0,85.0
102,32,48,3,72.0,216.0
103,32,31,3,52.0,156.0
104,32,14,4,9.5,38.0
105,33,13,4,17.0,68.0
106,33,32,4,56.0,224.0
107,33,37,2,12.0,24.0
108,34,45,3,26.0,78.0
109,34,7,3,42.0,126.0
110,34,14,3,9.5,28.5
111,34,51,4,52.0,208.0
112,34,40,2,28.0,56.0
113,35,51,3,52.0,156.0
114,35,42,2,130.0,260.0
115,35,14,2,9.5,19.0
116,35,17,3,35.0,105.0
117,36,54,4,26.0,104.0
118,36,17,3,35.0,105.0
119,36,34,3,19.0,57.0
120,37,16,1,48.0,48.0
121,37,45,3,26.0,78.0
122,37,7,3,42.0,126.0
123,37,31,2,52.0,104.0
124,37,38,1,75.0,75.0
125,38,38,4,75.0,300.0
126,38,27,4,45.0,180.0
127,38,28,1,14.0,14.0
128,38,34,4,19.0,76.0
129,39,31,2,52.0,104.0
130,39,32,4,56.0,224.0
131,39,59,4,145.0,580.0
132,39,25,4,25.0,100.0
133,40,2,4,16.5,66.0
134,40,39,4,26.0,104.0
135,40,20,1,42.0,42.0
136,40,19,1,13.5,13.5
137,41,22,1,19.0,19.0
138,41,59,3,145.0,435.0
139,41,24,3,19.0,57.0
140,41,43,2,34.0,68.0
141,41,18,1,12.0,12.0
142,42,45,4,26.0,104.0
143,42,59,3,145.0,435.0
144,42,10,3,3.5,10.5
145,42,11,3,19.5,58.5
146,42,4,1,35.0,35.0
147,43,50,3,115.0,345.0
148,43,51,4,52.0,208.0
149,43,9,1,5.5,5.5
150,43,12,4,17.0,68.0
151,44,33,4,8.5,34.0
152,44,41,2,155.0,310.0
153,45,47,1,85.0,85.0
154,45,41,4,155.0,620.0
155,45,38,1,75.0,75.0
156,46,59,3,145.0,435.0
157,46,2,4,16.5,66.0
158,46,6,4,22.0,88.0
159,46,4,3,35.0,105.0
160,46,47,4,85.0,340.0
161,47,56,3,17.0,51.0
162,47,13,2,17.0,34.0
163,48,43,2,34.0,68.0
164,48,51,2,52.0,104.0
165,49,18,1,12.0,12.0
166,49,23,1,20.0,20.0
167,49,20,2,42.0,84.0
168,50,41,4,155.0,620.0
169,50,29,2,14.0,28.0
170,50,46,1,22.0,22.0
171,50,43,4,34.0,136.0
172,51,47,1,85.0,85.0
173,51,25,3,25.0,75.0
174,51,27,2,45.0,90.0
175,51,38,1,75.0,75.0
176,51,30,4,26.0,104.0
177,52,19,3,13.5,40.5
178,52,52,3,100.0,300.0
179,52,51,3,52.0,156.0
180,53,24,1,19.0,19.0
181,53,48,1,72.0,72.0
182,53,21,1,10.5,10.5
183,53,15,2,120.0,240.0
184,53,58,1,22.0,22.0
185,54,56,4,17.0,68.0
186,54,6,2,22.0,44.0
187,54,14,4,9.5,38.0
188,54,47,2,85.0,170.0
189,54,48,3,72.0,216.0
190,55,16,3,48.0,144.0
191,55,60,4,110.0,440.0
192,55,49,4,28.0,112.0
193,55,8,2,52.0,104.0
194,56,31,1,52.0,52.0
195,56,27,1,45.0,45.0
196,56,10,2,3.5,7.0
197,56,12,1,17.0,17.0
198,56,2,3,16.5,49.5
199,57,17,3,35.0,105.0
200,57,36,4,22.0,88.0
201,57,30,1,26.0,26.0
202,57,33,4,8.5,34.0
203,57,6,1,22.0,22.0
204,58,60,2,110.0,220.0
205,58,24,1,19.0,19.0
206,58,30,2,26.0,52.0
207,59,49,3,28.0,84.0
208,59,19,3,13.5,40.5
209,59,60,1,110.0,110.0
210,59,8,2,52.0,104.0
211,60,18,3,12.0,36.0
212,60,29,3,14.0,42.0
213,60,15,2,120.0,240.0
214,60,27,1,45.0,45.0
215,61,55,1,65.0,65.0
216,61,44,1,42.0,42.0
217,61,12,4,17.0,68.0
218,61,46,4,22.0,88.0
219,61,52,2,100.0,200.0
220,62,9,1,5.5,5.5
221,62,8,3,52.0,156.0
222,62,59,3,145.0,435.0
223,62,20,2,42.0,84.0
224,62,52,4,100.0,400.0
225,63,35,4,52.0,208.0
226,63,18,1,12.0,12.0
227,63,44,2,42.0,84.0
228,64,8,1,52.0,52.0
229,64,33,2,8.5,17.0
230,65,27,2,45.0,90.0
231,65,8,2,52.0,104.0
232,65,29,2,14.0,28.0
233,65,18,4,12.0,48.0
234,66,46,2,22.0,44.0
235,66,22,4,19.0,76.0
236,67,25,2,25.0,50.0
237,67,46,1,22.0,22.0
238,67,26,2,35.0,70.0
239,67,2,4,16.5,66.0
240,67,13,4,17.0,68.0
241,68,7,2,42.0,84.0
242,68,36,3,22.0,66.0
243,69,11,2,19.5,39.0
244,69,20,1,42.0,42.0
245,69,29,1,14.0,14.0
246,70,1,3,17.5,52.5
247,70,27,4,45.0,180.0
248,71,10,4,3.5,14.0
249,71,59,1,145.0,145.0
250,71,34,4,19.0,76.0
251,71,15,4,120.0,480.0
252,72,26,1,35.0,35.0
253,72,17,1,35.0,35.0
254,72,24,2,19.0,38.0
255,72,55,3,65.0,195.0
256,72,46,1,22.0,22.0
257,73,20,3,42.0,126.0
258,73,53,1,42.0,42.0
259,74,49,1,28.0,28.0
260,74,28,1,14.0,14.0
261,74,14,3,9.5,28.5
262,74,54,4,26.0,104.0
263,74,21,3,10.5,31.5
264,75,20,3,42.0,126.0
265,75,2,3,16.5,49.5
266,75,45,1,26.0,26.0
267,75,42,2,130.0,260.0
268,76,32,4,56.0,224.0
269,76,33,1,8.5,8.5
270,77,56,1,17.0,17.0
271,77,25,4,25.0,100.0
272,77,60,3,110.0,330.0
273,77,50,2,115.0,230.0
274,78,38,4,75.0,300.0
275,78,15,4,120.0,480.0
276,78,1,1,17.5,17.5
277,79,43,3,34.0,102.0
278,79,26,1,35.0,35.0
279,79,24,1,19.0,19.0
280,79,40,1,28.0,28.0
281,79,49,2,28.0,56.0
282,80,33,2,8.5,17.0
283,80,56,4,17.0,68.0
284,80,19,3,13.5,40.5
285,80,59,4,145.0,580.0
286,80,1,3,17.5,52.5
287,81,49,4,28.0,112.0
288,81,54,4,26.0,104.0
289,81,34,4,19.0,76.0
290,81,38,2,75.0,150.0
291,81,2,1,16.5,16.5
292,82,7,4,42.0,168.0
293,82,6,3,22.0,66.0
294,83,22,4,19.0,76.0
295,83,18,2,12.0,24.0
296,83,15,3,120.0,360.0
297,84,50,3,115.0,345.0
298,84,36,1,22.0,22.0
299,84,24,2,19.0,38.0
300,85,9,2,5.5,11.0
301,85,28,1,14.0,14.0
302,85,25,1,25.0,25.0
303,85,52,4,100.0,400.0
304,85,26,2,35.0,70.0
305,86,38,2,75.0,150.0
306,86,36,2,22.0,44.0
307,86,55,4,65.0,260.0
308,87,42,1,130.0,130.0
309,87,10,3,3.5,10.5
310,88,41,4,155.0,620.0
311,88,50,1,115.0,115.0
312,88,16,1,48.0,48.0
313,89,56,4,17.0,68.0
314,89,31,1,52.0,52.0
315,89,34,1,19.0,19.0
316,89,59,3,145.0,435.0
317,89,32,2,56.0,112.0
318,90,18,2,12.0,24.0
319,90,2,4,16.5,66.0
320,90,4,1,35.0,35.0
321,90,7,3,42.0,126.0
322,90,48,3,72.0,216.0
323,91,46,1,22.0,22.0
324,91,25,2,25.0,50.0
325,92,5,3,95.0,285.0
326,92,8,1,52.0,52.0
327,92,31,3,52.0,156.0
328,93,27,1,45.0,45.0
329,93,32,4,56.0,224.0
330,93,21,4,10.5,42.0
331,93,20,1,42.0,42.0
332,94,54,1,26.0,26.0
333,94,3,1,14.0,14.0
334,94,20,1,42.0,42.0
335,95,30,4,26.0,104.0
336,95,27,2,45.0,90.0
337,95,6,2,22.0,44.0
338,95,35,3,52.0,156.0
339,96,33,1,8.5,8.5
340,96,28,2,14.0,28.0
341,96,21,2,10.5,21.0
342,96,7,2,42.0,84.0
343,96,34,2,19.0,38.0
344,97,34,2,19.0,38.0
345,97,44,3,42.0,126.0
346,97,14,2,9.5,19.0
347,97,37,2,12.0,24.0
348,97,6,3,22.0,66.0
349,98,4,3,35.0,105.0
350,98,28,3,14.0,42.0
351,98,3,2,14.0,28.0
352,98,25,1,25.0,25.0
353,99,50,3,115.0,345.0
354,99,41,4,155.0,620.0
355,99,3,2,14.0,28.0
356,100,5,1,95.0,95.0
357,100,24,1,19.0,19.0
358,100,21,1,10.5,10.5
359,100,59,1,145.0,145.0
360,101,36,1,22.0,22.0
361,101,57,1,9.5,9.5
362,101,23,4,20.0,80.0
363,102,25,2,25.0,50.0
364,102,41,1,155.0,155.0
365,102,20,3,42.0,126.0
366,103,5,2,95.0,190.0
367,103,59,1,145.0,145.0
368,103,17,4,35.0,140.0
369,103,31,4,52.0,208.0
370,103,42,1,130.0,130.0
371,104,31,4,52.0,208.0
372,104,5,2,95.0,190.0
373,104,59,4,145.0,580.0
374,105,35,4,52.0,208.0
375,105,18,4,12.0,48.0
376,105,24,4,19.0,76.0
377,105,9,4,5.5,22.0
378,106,28,3,14.0,42.0
379,106,25,2,25.0,50.0
380,106,40,4,28.0,112.0
381,107,15,2,120.0,240.0
382,107,18,4,12.0,48.0
383,107,58,3,22.0,66.0
384,107,29,1,14.0,14.0
385,108,50,3,115.0,345.0
386,108,41,4,155.0,620.0
387,109,39,4,26.0,104.0
388,109,16,1,48.0,48.0
389,109,60,4,110.0,440.0
390,110,1,2,17.5,35.0
391,110,12,1,17.0,17.0
392,110,46,3,22.0,66.0
393,111,50,4,115.0,460.0
394,111,55,4,65.0,260.0
395,111,30,3,26.0,78.0
396,112,40,2,28.0,56.0
397,112,24,4,19.0,76.0
398,112,58,4,22.0,88.0
399,113,1,4,17.5,70.0
400,113,42,3,130.0,390.0
401,113,38,3,75.0,225.0
402,113,22,3,19.0,57.0
403,113,41,2,155.0,310.0
404,114,41,2,155.0,310.0
405,114,28,4,14.0,56.0
406,114,54,2,26.0,52.0
407,114,5,1,95.0,95.0
408,114,4,4,35.0,140.0
409,115,58,2,22.0,44.0
410,115,16,1,48.0,48.0
411,116,30,1,26.0,26.0
412,116,11,4,19.5,78.0
413,116,6,1,22.0,22.0
414,116,27,2,45.0,90.0
415,117,47,3,85.0,255.0
416,117,23,4,20.0,80.0
417,117,8,2,52.0,104.0
418,117,21,3,10.5,31.5
419,118,59,4,145.0,580.0
420,118,2,1,16.5,16.5
421,118,28,3,14.0,42.0
422,118,38,4,75.0,300.0
423,119,56,3,17.0,51.0
424,119,45,3,26.0,78.0
425,120,46,1,22.0,22.0
426,120,21,2,10.5,21.0
427,121,33,2,8.5,17.0
428,121,8,1,52.0,52.0
429,122,28,3,14.0,42.0
430,122,36,4,22.0,88.0
431,122,41,4,155.0,620.0
432,122,35,4,52.0,208.0
433,122,58,1,22.0,22.0
434,123,57,2,9.5,19.0
435,123,30,3,26.0,78.0
436,123,22,2,19.0,38.0
437,123,38,3,75.0,225.0
438,124,42,2,130.0,260.0
439,124,8,4,52.0,208.0
440,124,9,1,5.5,5.5
441,125,26,4,35.0,140.0
442,125,44,2,42.0,84.0
443,125,32,3,56.0,168.0
444,125,15,3,120.0,360.0
445,126,40,1,28.0,28.0
446,126,22,3,19.0,57.0
447,127,59,2,145.0,290.0
448,127,3,4,14.0,56.0
449,128,16,1,48.0,48.0
450,128,47,2,85.0,170.0
451,128,9,1,5.5,5.5
452,129,46,3,22.0,66.0
453,129,42,3,130.0,390.0
454,130,22,1,19.0,19.0
455,130,17,2,35.0,70.0
456,130,15,2,120.0,240.0
457,130,57,1,9.5,9.5
458,130,39,4,26.0,104.0
459,131,56,2,17.0,34.0
460,131,15,2,120.0,240.0
461,131,41,1,155.0,155.0
462,131,34,2,19.0,38.0
463,132,9,3,5.5,16.5
464,132,36,2,22.0,44.0
465,132,4,4,35.0,140.0
466,133,36,3,22.0,66.0
467,133,17,1,35.0,35.0
468,133,56,4,17.0,68.0
469,134,49,1,28.0,28.0
470,134,37,3,12.0,36.0
471,134,5,4,95.0,380.0
472,134,54,1,26.0,26.0
473,135,13,3,17.0,51.0
474,135,53,4,42.0,168.0
475,135,24,4,19.0,76.0
476,135,26,1,35.0,35.0
477,136,43,1,34.0,34.0
478,136,46,4,22.0,88.0
479,137,30,1,26.0,26.0
480,137,49,1,28.0,28.0
481,138,55,4,65.0,260.0
482,138,9,1,5.5,5.5
483,139,60,1,110.0,110.0
484,139,14,2,9.5,19.0
485,139,31,1,52.0,52.0
486,140,13,4,17.0,68.0
487,140,17,1,35.0,35.0
488,140,25,1,25.0,25.0
489,140,30,1,26.0,26.0
490,141,49,3,28.0,84.0
491,141,5,1,95.0,95.0
492,141,22,2,19.0,38.0
493,142,6,1,22.0,22.0
494,142,14,2,9.5,19.0
495,143,34,1,19.0,19.0
496,143,17,1,35.0,35.0
497,143,18,1,12.0,12.0
498,143,29,1,14.0,14.0
499,143,24,2,19.0,38.0
500,144,49,2,28.0,56.0
501,144,60,4,110.0,440.0
502,145,59,4,145.0,580.0
503,145,19,4,13.5,54.0
504,145,22,4,19.0,76.0
505,145,55,3,65.0,195.0
506,146,48,1,72.0,72.0
507,146,1,1,17.5,17.5
508,146,59,2,145.0,290.0
509,146,18,4,12.0,48.0
510,146,30,3,26.0,78.0
511,147,40,3,28.0,84.0
512,147,37,3,12.0,36.0
513,147,6,3,22.0,66.0
514,147,24,4,19.0,76.0
515,148,53,1,42.0,42.0
516,148,29,3,14.0,42.0
517,148,40,2,28.0,56.0
518,149,39,1,26.0,26.0
519,149,40,4,28.0,112.0
520,149,28,3,14.0,42.0
521,149,24,1,19.0,19.0
522,149,52,1,100.0,100.0
523,150,54,3,26.0,78.0
524,150,25,1,25.0,25.0
525,150,52,3,100.0,300.0
526,150,4,3,35.0,105.0
527,150,1,3,17.5,52.5
528,151,54,2,26.0,52.0
529,151,55,1,65.0,65.0
530,151,19,1,13.5,13.5
531,151,24,1,19.0,19.0
532,152,56,3,17.0,51.0
533,152,45,2,26.0,52.0
534,153,24,3,19.0,57.0
535,153,57,3,9.5,28.5
536,154,26,2,35.0,70.0
537,154,36,3,22.0,66.0
538,154,8,3,52.0,156.0
539,155,42,4,130.0,520.0
540,155,39,1,26.0,26.0
541,155,40,1,28.0,28.0
542,155,22,2,19.0,38.0
543,155,57,1,9.5,9.5
544,156,24,3,19.0,57.0
545,156,57,1,9.5,9.5
546,156,18,4,12.0,48.0
547,156,45,2,26.0,52.0
548,157,60,4,110.0,440.0
549,157,53,2,42.0,84.0
550,157,7,4,42.0,168.0
551,158,6,3,22.0,66.0
552,158,34,2,19.0,38.0
553,158,36,4,22.0,88.0
554,158,21,1,10.5,10.5
555,158,7,1,42.0,42.0
556,159,34,4,19.0,76.0
557,159,39,4,26.0,104.0
558,159,51,1,52.0,52.0
559,159,20,2,42.0,84.0
560,160,18,4,12.0,48.0
561,160,9,2,5.5,11.0
562,160,58,1,22.0,22.0
563,160,14,2,9.5,19.0
564,161,27,2,45.0,90.0
565,161,49,2,28.0,56.0
566,161,15,1,120.0,120.0
567,162,25,3,25.0,75.0
568,162,43,4,34.0,136.0
569,162,51,3,52.0,156.0
570,162,22,3,19.0,57.0
571,163,17,2,35.0,70.0
572,163,18,2,12.0,24.0
573,163,25,1,25.0,25.0
574,163,38,3,75.0,225.0
575,163,28,3,14.0,42.0
576,164,60,1,110.0,110.0
577,164,33,1,8.5,8.5
578,164,31,2,52.0,104.0
579,164,11,2,19.5,39.0
580,165,32,1,56.0,56.0
581,165,18,1,12.0,12.0
582,165,14,4,9.5,38.0
583,165,57,2,9.5,19.0
584,166,4,2,35.0,70.0
585,166,27,1,45.0,45.0
586,166,40,4,28.0,112.0
587,166,25,2,25.0,50.0
588,166,17,2,35.0,70.0
589,167,45,4,26.0,104.0
590,167,15,3,120.0,360.0
591,168,34,2,19.0,38.0
592,168,17,3,35.0,105.0
593,169,49,2,28.0,56.0
594,169,26,1,35.0,35.0
595,169,37,4,12.0,48.0
596,169,9,4,5.5,22.0
597,169,38,3,75.0,225.0
598,170,18,1,12.0,12.0
599,170,28,1,14.0,14.0
600,171,1,2,17.5,35.0
601,171,39,2,26.0,52.0
602,171,6,4,22.0,88.0
603,171,8,4,52.0,208.0
604,172,12,1,17.0,17.0
605,172,52,1,100.0,100.0
606,172,34,1,19.0,19.0
607,172,48,1,72.0,72.0
608,173,23,4,20.0,80.0
609,173,27,1,45.0,45.0
610,173,19,2,13.5,27.0
611,173,57,3,9.5,28.5
612,174,28,3,14.0,42.0
613,174,11,3,19.5,58.5
614,174,47,3,85.0,255.0
615,175,11,2,19.5,39.0
616,175,44,3,42.0,126.0
617,175,26,1,35.0,35.0
618,176,4,1,35.0,35.0
619,176,41,2,155.0,310.0
620,176,8,2,52.0,104.0
621,176,53,1,42.0,42.0
622,176,58,2,22.0,44.0
623,177,23,1,20.0,20.0
624,177,22,3,19.0,57.0
625,177,38,3,75.0,225.0
626,177,40,2,28.0,56.0
627,177,6,2,22.0,44.0
628,178,27,3,45.0,135.0
629,178,5,1,95.0,95.0
630,179,44,4,42.0,168.0
631,179,58,3,22.0,66.0
632,179,13,4,17.0,68.0
633,180,55,2,65.0,130.0
634,180,11,3,19.5,58.5
635,180,33,1,8.5,8.5
636,180,30,3,26.0,78.0
637,181,31,3,52.0,156.0
638,181,49,3,28.0,84.0
639,181,19,4,13.5,54.0
640,182,8,3,52.0,156.0
641,182,24,2,19.0,38.0
642,182,19,1,13.5,13.5
643,182,11,3,19.5,58.5
644,182,22,1,19.0,19.0
645,183,7,1,42.0,42.0
646,183,2,4,16.5,66.0
647,183,21,4,10.5,42.0
648,183,4,4,35.0,140.0
649,184,40,1,28.0,28.0
650,184,36,4,22.0,88.0
651,184,7,1,42.0,42.0
652,184,30,4,26.0,104.0
653,185,7,3,42.0,126.0
654,185,26,1,35.0,35.0
655,186,55,2,65.0,130.0
656,186,7,2,42.0,84.0
657,187,33,4,8.5,34.0
658,187,11,2,19.5,39.0
659,188,7,2,42.0,84.0
660,188,13,2,17.0,34.0
661,188,18,3,12.0,36.0
662,188,27,1,45.0,45.0
663,188,11,1,19.5,19.5
664,189,2,3,16.5,49.5
665,189,44,3,42.0,126.0
666,189,55,2,65.0,130.0
667,189,52,4,100.0,400.0
668,189,46,3,22.0,66.0
669,190,32,1,56.0,56.0
670,190,42,2,130.0,260.0
671,190,4,2,35.0,70.0
672,190,44,1,42.0,42.0
673,190,13,4,17.0,68.0
674,191,14,1,9.5,9.5
675,191,8,1,52.0,52.0
676,191,20,3,42.0,126.0
677,191,38,1,75.0,75.0
678,192,31,4,52.0,208.0
679,192,56,4,17.0,68.0
680,192,28,1,14.0,14.0
681,192,18,1,12.0,12.0
682,193,42,2,130.0,260.0
683,193,58,1,22.0,22.0
684,193,47,1,85.0,85.0
685,194,55,4,65.0,260.0
686,194,23,1,20.0,20.0
687,194,53,3,42.0,126.0
688,194,26,3,35.0,105.0
689,195,40,2,28.0,56.0
690,195,4,4,35.0,140.0
691,195,18,1,12.0,12.0
692,196,44,4,42.0,168.0
693,196,40,4,28.0,112.0
694,196,32,1,56.0,56.0
695,197,3,1,14.0,14.0
696,197,23,4,20.0,80.0
697,197,15,3,120.0,360.0
698,198,54,2,26.0,52.0
699,198,18,4,12.0,48.0
700,198,60,2,110.0,220.0
701,198,38,1,75.0,75.0
702,198,14,2,9.5,19.0
703,199,15,2,120.0,240.0
704,199,37,3,12.0,36.0
705,199,43,2,34.0,68.0
706,199,58,2,22.0,44.0
707,200,16,1,48.0,48.0
708,200,1,3,17.5,52.5
709,200,25,1,25.0,25.0
710,200,31,3,52.0,156.0
711,201,60,2,110.0,220.0
712,201,4,4,35.0,140.0
713,201,8,2,52.0,104.0
714,202,29,4,14.0,56.0
715,202,18,3,12.0,36.0
716,202,10,2,3.5,7.0
717,203,4,3,35.0,105.0
718,203,23,4,20.0,80.0
719,203,19,2,13.5,27.0
720,203,57,3,9.5,28.5
721,204,55,1,65.0,65.0
722,204,13,1,17.0,17.0
723,204,11,3,19.5,58.5
724,205,48,3,72.0,216.0
725,205,23,3,20.0,60.0
726,205,11,1,19.5,19.5
727,205,42,1,130.0,130.0
728,205,29,1,14.0,14.0
729,206,12,2,17.0,34.0
730,206,59,2,145.0,290.0
731,206,7,3,42.0,126.0
732,207,56,4,17.0,68.0
733,207,33,2,8.5,17.0
734,207,37,3,12.0,36.0
735,207,49,3,28.0,84.0
736,207,35,4,52.0,208.0
737,208,35,3,52.0,156.0
738,208,50,2,115.0,230.0
739,208,30,1,26.0,26.0
740,208,31,2,52.0,104.0
741,209,39,4,26.0,104.0
742,209,26,4,35.0,140.0
743,210,26,4,35.0,140.0
744,210,24,2,19.0,38.0
745,210,35,3,52.0,156.0
746,210,60,3,110.0,330.0
747,211,27,4,45.0,180.0
748,211,37,4,12.0,48.0
749,211,29,2,14.0,28.0
750,211,32,2,56.0,112.0
751,211,10,3,3.5,10.5
752,212,15,1,120.0,120.0
753,212,54,3,26.0,78.0
754,212,10,2,3.5,7.0
755,212,53,3,42.0,126.0
756,213,1,3,17.5,52.5
757,213,14,4,9.5,38.0
758,213,18,1,12.0,12.0
759,213,45,2,26.0,52.0
760,214,47,3,85.0,255.0
761,214,9,1,5.5,5.5
762,215,24,4,19.0,76.0
763,215,4,2,35.0,70.0
764,215,2,4,16.5,66.0
765,215,25,1,25.0,25.0
766,215,38,1,75.0,75.0
767,216,37,1,12.0,12.0
768,216,9,1,5.5,5.5
769,216,24,1,19.0,19.0
770,216,4,4,35.0,140.0
771,216,60,4,110.0,440.0
772,217,29,1,14.0,14.0
773,217,16,3,48.0,144.0
774,217,19,4,13.5,54.0
775,217,40,4,28.0,112.0
776,218,45,2,26.0,52.0
777,218,28,3,14.0,42.0
778,218,43,3,34.0,102.0
779,219,40,3,28.0,84.0
780,219,35,1,52.0,52.0
781,219,22,1,19.0,19.0
782,219,24,1,19.0,19.0
783,219,17,3,35.0,105.0
784,220,48,4,72.0,288.0
785,220,17,2,35.0,70.0
786,220,33,2,8.5,17.0
787,220,3,2,14.0,28.0
788,221,45,3,26.0,78.0
789,221,36,2,22.0,44.0
790,221,14,1,9.5,9.5
791,221,60,1,110.0,110.0
792,221,41,2,155.0,310.0
793,222,48,4,72.0,288.0
794,222,30,3,26.0,78.0
795,222,26,2,35.0,70.0
796,223,44,1,42.0,42.0
797,223,27,4,45.0,180.0
798,224,31,3,52.0,156.0
799,224,16,4,48.0,192.0
800,225,41,1,155.0,155.0
801,225,27,1,45.0,45.0
802,226,17,4,35.0,140.0
803,226,55,4,65.0,260.0
804,226,21,2,10.5,21.0
805,226,37,4,12.0,48.0
806,226,28,3,14.0,42.0
807,227,21,2,10.5,21.0
808,227,28,1,14.0,14.0
809,227,42,4,130.0,520.0
810,227,18,4,12.0,48.0
811,228,44,3,42.0,126.0
812,228,30,3,26.0,78.0
813,229,37,2,12.0,24.0
814,229,9,3,5.5,16.5
815,229,53,3,42.0,126.0
816,230,32,2,56.0,112.0
817,230,39,3,26.0,78.0
818,231,58,4,22.0,88.0
819,231,46,4,22.0,88.0
820,231,3,2,14.0,28.0
821,231,55,3,65.0,195.0
822,231,22,1,19.0,19.0
823,232,33,1,8.5,8.5
824,232,54,3,26.0,78.0
825,232,12,3,17.0,51.0
826,232,25,4,25.0,100.0
827,232,58,4,22.0,88.0
828,233,13,4,17.0,68.0
829,233,27,2,45.0,90.0
830,233,38,3,75.0,225.0
831,233,19,3,13.5,40.5
832,233,17,4,35.0,140.0
833,234,51,4,52.0,208.0
834,234,29,3,14.0,42.0
835,234,14,1,9.5,9.5
836,234,3,4,14.0,56.0
837,234,25,1,25.0,25.0
838,235,41,3,155.0,465.0
839,235,57,2,9.5,19.0
840,235,20,2,42.0,84.0
841,236,36,4,22.0,88.0
842,236,51,3,52.0,156.0
843,236,13,1,17.0,17.0
844,236,54,2,26.0,52.0
845,236,49,1,28.0,28.0
846,237,27,4,45.0,180.0
847,237,11,1,19.5,19.5
848,237,57,1,9.5,9.5
849,237,14,4,9.5,38.0
850,237,59,1,145.0,145.0
851,238,48,3,72.0,216.0
852,238,54,1,26.0,26.0
853,238,40,2,28.0,56.0
854,238,44,3,42.0,126.0
855,239,11,1,19.5,19.5
856,239,33,2,8.5,17.0
857,240,2,1,16.5,16.5
858,240,60,1,110.0,110.0
859,241,11,4,19.5,78.0
860,241,16,2,48.0,96.0
861,241,18,1,12.0,12.0
862,241,40,3,28.0,84.0
863,241,9,3,5.5,16.5
864,242,40,2,28.0,56.0
865,242,58,4,22.0,88.0
866,242,22,1,19.0,19.0
867,242,51,4,52.0,208.0
868,243,20,1,42.0,42.0
869,243,32,3,56.0,168.0
870,243,26,4,35.0,140.0
871,243,47,3,85.0,255.0
872,243,3,4,14.0,56.0
873,244,3,3,14.0,42.0
874,244,52,3,100.0,300.0
875,244,46,4,22.0,88.0
876,244,25,4,25.0,100.0
877,245,38,3,75.0,225.0
878,245,48,3,72.0,216.0
879,245,10,1,3.5,3.5
880,246,10,1,3.5,3.5
881,246,55,4,65.0,260.0
882,246,37,3,12.0,36.0
883,247,47,1,85.0,85.0
884,247,60,1,110.0,110.0
885,247,15,2,120.0,240.0
886,247,49,4,28.0,112.0
887,247,9,3,5.5,16.5
888,248,19,1,13.5,13.5
889,248,55,1,65.0,65.0
890,248,39,1,26.0,26.0
891,248,54,2,26.0,52.0
892,248,34,1,19.0,19.0
893,249,33,4,8.5,34.0
894,249,46,4,22.0,88.0
895,249,9,2,5.5,11.0
896,250,52,3,100.0,300.0
897,250,4,3,35.0,105.0
898,251,5,2,95.0,190.0
899,251,33,1,8.5,8.5
900,251,54,3,26.0,78.0
901,251,52,4,100.0,400.0
902,251,42,2,130.0,260.0
903,252,26,3,35.0,105.0
904,252,57,1,9.5,9.5
905,253,12,3,17.0,51.0
906,253,13,2,17.0,34.0
907,253,18,2,12.0,24.0
908,253,42,4,130.0,520.0
909,254,36,4,22.0,88.0
910,254,47,2,85.0,170.0
911,254,24,4,19.0,76.0
912,254,58,2,22.0,44.0
913,254,10,1,3.5,3.5
914,255,40,2,28.0,56.0
915,255,2,4,16.5,66.0
916,255,45,1,26.0,26.0
917,255,6,1,22.0,22.0
918,255,13,2,17.0,34.0
919,256,2,3,16.5,49.5
920,256,15,1,120.0,120.0
921,256,28,2,14.0,28.0
922,257,39,3,26.0,78.0
923,257,40,3,28.0,84.0
924,258,23,2,20.0,40.0
925,258,4,1,35.0,35.0
926,258,59,1,145.0,145.0
927,259,43,3,34.0,102.0
928,259,26,3,35.0,105.0
929,259,54,4,26.0,104.0
930,260,21,4,10.5,42.0
931,260,3,4,14.0,56.0
932,260,47,1,85.0,85.0
933,260,35,1,52.0,52.0
934,260,53,2,42.0,84.0
935,261,14,2,9.5,19.0
936,261,3,3,14.0,42.0
937,261,31,4,52.0,208.0
938,262,40,3,28.0,84.0
939,262,6,2,22.0,44.0
940,262,20,1,42.0,42.0
941,262,7,1,42.0,42.0
942,263,35,1,52.0,52.0
943,263,37,3,12.0,36.0
944,263,19,4,13.5,54.0
945,263,27,4,45.0,180.0
946,264,22,1,19.0,19.0
947,264,56,3,17.0,51.0
948,264,57,1,9.5,9.5
949,265,1,2,17.5,35.0
950,265,47,3,85.0,255.0
951,266,56,4,17.0,68.0
952,266,4,4,35.0,140.0
953,266,47,1,85.0,85.0
954,266,3,3,14.0,42.0
955,266,41,2,155.0,310.0
956,267,56,4,17.0,68.0
957,267,57,3,9.5,28.5
958,268,12,4,17.0,68.0
959,268,58,1,22.0,22.0
960,269,53,4,42.0,168.0
961,269,49,2,28.0,56.0
962,269,50,1,115.0,115.0
963,270,1,1,17.5,17.5
964,270,22,3,19.0,57.0
965,271,26,2,35.0,70.0
966,271,41,2,155.0,310.0
967,272,37,1,12.0,12.0
968,272,46,3,22.0,66.0
969,273,24,4,19.0,76.0
970,273,12,3,17.0,51.0
971,273,47,1,85.0,85.0
972,273,49,3,28.0,84.0
973,273,34,4,19.0,76.0
974,274,36,3,22.0,66.0
975,274,28,2,14.0,28.0
976,274,29,1,14.0,14.0
977,274,37,1,12.0,12.0
978,274,5,2,95.0,190.0
979,275,16,4,48.0,192.0
980,275,41,2,155.0,310.0
981,275,55,3,65.0,195.0
982,276,24,3,19.0,57.0
983,276,36,2,22.0,44.0
984,276,28,3,14.0,42.0
985,276,19,2,13.5,27.0
986,276,3,1,14.0,14.0
987,277,56,1,17.0,17.0
988,277,60,1,110.0,110.0
989,277,52,4,100.0,400.0
990,278,33,4,8.5,34.0
991,278,18,1,12.0,12.0
992,278,52,4,100.0,400.0
993,278,23,2,20.0,40.0
994,279,58,4,22.0,88.0
995,279,34,2,19.0,38.0
996,279,43,2,34.0,68.0
997,279,9,3,5.5,16.5
998,280,38,2,75.0,150.0
999,280,47,4,85.0,340.0
1000,281,39,4,26.0,104.0
1001,281,3,2,14.0,28.0
1002,282,34,2,19.0,38.0
1003,282,39,4,26.0,104.0
1004,282,43,4,34.0,136.0
1005,283,13,2,17.0,34.0
1006,283,29,4,14.0,56.0
1007,284,32,2,56.0,112.0
1008,284,3,4,14.0,56.0
1009,284,31,2,52.0,104.0
1010,285,26,4,35.0,140.0
1011,285,38,1,75.0,75.0
1012,285,4,2,35.0,70.0
1013,286,22,3,19.0,57.0
1014,286,21,2,10.5,21.0
1015,286,40,4,28.0,112.0
1016,286,30,3,26.0,78.0
1017,287,24,1,19.0,19.0
1018,287,11,2,19.5,39.0
1019,287,57,4,9.5,38.0
1020,288,3,1,14.0,14.0
1021,288,28,1,14.0,14.0
1022,288,32,1,56.0,56.0
1023,288,54,3,26.0,78.0
1024,289,48,1,72.0,72.0
1025,289,7,4,42.0,168.0
1026,289,29,2,14.0,28.0
1027,289,12,4,17.0,68.0
1028,290,28,3,14.0,42.0
1029,290,47,4,85.0,340.0
1030,290,55,3,65.0,195.0
1031,290,59,2,145.0,290.0
1032,291,40,2,28.0,56.0
1033,291,41,3,155.0,465.0
1034,291,15,1,120.0,120.0
1035,292,16,3,48.0,144.0
1036,292,44,2,42.0,84.0
1037,292,58,1,22.0,22.0
1038,293,56,2,17.0,34.0
1039,293,12,2,17.0,34.0
1040,293,57,3,9.5,28.5
1041,294,59,2,145.0,290.0
1042,294,50,2,115.0,230.0
1043,294,11,2,19.5,39.0
1044,295,38,3,75.0,225.0
1045,295,13,3,17.0,51.0
1046,295,34,4,19.0,76.0
1047,296,26,2,35.0,70.0
1048,296,20,4,42.0,168.0
1049,296,14,4,9.5,38.0
1050,296,33,1,8.5,8.5
1051,297,31,2,52.0,104.0
1052,297,40,2,28.0,56.0
1053,297,23,4,20.0,80.0
1054,298,27,3,45.0,135.0
1055,298,14,3,9.5,28.5
1056,299,56,2,17.0,34.0
1057,299,46,2,22.0,44.0
1058,299,23,2,20.0,40.0
1059,300,49,4,28.0,112.0
1060,300,6,1,22.0,22.0
1061,300,8,4,52.0,208.0
1062,301,44,4,42.0,168.0
1063,301,17,1,35.0,35.0
1064,301,57,1,9.5,9.5
1065,302,38,3,75.0,225.0
1066,302,35,4,52.0,208.0
1067,302,60,3,110.0,330.0
1068,303,40,2,28.0,56.0
1069,303,14,1,9.5,9.5
1070,304,16,2,48.0,96.0
1071,304,56,2,17.0,34.0
1072,304,29,4,14.0,56.0
1073,304,27,4,45.0,180.0
1074,304,21,4,10.5,42.0
1075,305,46,2,22.0,44.0
1076,305,59,1,145.0,145.0
1077,305,15,1,120.0,120.0
1078,305,58,1,22.0,22.0
1079,306,3,3,14.0,42.0
1080,306,40,4,28.0,112.0
1081,306,29,4,14.0,56.0
1082,307,33,3,8.5,25.5
1083,307,34,1,19.0,19.0
1084,307,16,4,48.0,192.0
1085,308,52,4,100.0,400.0
1086,308,32,3,56.0,168.0
1087,308,7,2,42.0,84.0
1088,309,37,3,12.0,36.0
1089,309,18,4,12.0,48.0
1090,310,9,2,5.5,11.0
1091,310,29,4,14.0,56.0
1092,311,12,2,17.0,34.0
1093,311,33,4,8.5,34.0
1094,311,24,4,19.0,76.0
1095,311,43,2,34.0,68.0
1096,311,45,2,26.0,52.0
1097,312,59,4,145.0,580.0
1098,312,17,4,35.0,140.0
1099,312,21,3,10.5,31.5
1100,312,44,3,42.0,126.0
1101,313,56,3,17.0,51.0
1102,313,32,2,56.0,112.0
1103,313,59,2,145.0,290.0
1104,313,3,4,14.0,56.0
1105,314,59,2,145.0,290.0
1106,314,30,2,26.0,52.0
1107,314,42,2,130.0,260.0
1108,314,11,3,19.5,58.5
1109,315,21,3,10.5,31.5
1110,315,20,1,42.0,42.0
1111,315,28,1,14.0,14.0
1112,315,47,1,85.0,85.0
1113,316,41,2,155.0,310.0
1114,316,59,2,145.0,290.0
1115,316,4,2,35.0,70.0
1116,316,23,4,20.0,80.0
1117,317,2,3,16.5,49.5
1118,317,31,2,52.0,104.0
1119,317,41,1,155.0,155.0
1120,317,21,4,10.5,42.0
1121,317,7,4,42.0,168.0
1122,318,55,3,65.0,195.0
1123,318,56,1,17.0,17.0
1124,319,20,2,42.0,84.0
1125,319,60,2,110.0,220.0
1126,319,49,4,28.0,112.0
1127,320,36,3,22.0,66.0
1128,320,47,2,85.0,170.0
1129,320,49,3,28.0,84.0
1130,320,31,4,52.0,208.0
1131,320,25,2,25.0,50.0
1132,321,49,4,28.0,112.0
1133,321,53,2,42.0,84.0
1134,321,26,1,35.0,35.0
1135,321,4,4,35.0,140.0
1136,322,31,2,52.0,104.0
1137,322,48,4,72.0,288.0
1138,322,32,1,56.0,56.0
1139,322,25,4,25.0,100.0
1140,322,50,4,115.0,460.0
1141,323,6,3,22.0,66.0
1142,323,4,1,35.0,35.0
1143,323,31,3,52.0,156.0
1144,323,23,4,20.0,80.0
1145,323,44,2,42.0,84.0
1146,324,15,4,120.0,480.0
1147,324,11,4,19.5,78.0
1148,324,1,2,17.5,35.0
1149,324,8,2,52.0,104.0
1150,325,54,1,26.0,26.0
1151,325,60,3,110.0,330.0
1152,325,56,1,17.0,17.0
1153,326,27,3,45.0,135.0
1154,326,47,3,85.0,255.0
1155,326,49,3,28.0,84.0
1156,326,36,1,22.0,22.0
1157,327,40,3,28.0,84.0
1158,327,58,3,22.0,66.0
1159,327,16,4,48.0,192.0
1160,327,8,1,52.0,52.0
1161,327,20,4,42.0,168.0
1162,328,13,2,17.0,34.0
1163,328,59,1,145.0,145.0
1164,328,27,1,45.0,45.0
1165,329,26,4,35.0,140.0
1166,329,45,1,26.0,26.0
1167,329,50,3,115.0,345.0
1168,330,23,4,20.0,80.0
1169,330,45,1,26.0,26.0
1170,330,51,2,52.0,104.0
1171,330,52,4,100.0,400.0
1172,330,48,4,72.0,288.0
1173,331,18,4,12.0,48.0
1174,331,26,2,35.0,70.0
1175,332,57,4,9.5,38.0
1176,332,59,1,145.0,145.0
1177,333,12,1,17.0,17.0
1178,333,58,3,22.0,66.0
1179,334,39,2,26.0,52.0
1180,334,28,3,14.0,42.0
1181,334,36,3,22.0,66.0
1182,334,22,3,19.0,57.0
1183,334,45,4,26.0,104.0
1184,335,52,1,100.0,100.0
1185,335,14,2,9.5,19.0
1186,335,48,2,72.0,144.0
1187,335,37,4,12.0,48.0
1188,336,10,4,3.5,14.0
1189,336,38,3,75.0,225.0
1190,337,12,4,17.0,68.0
1191,337,46,3,22.0,66.0
1192,337,25,3,25.0,75.0
1193,337,60,1,110.0,110.0
1194,338,51,3,52.0,156.0
1195,338,2,2,16.5,33.0
1196,339,14,3,9.5,28.5
1197,339,46,2,22.0,44.0
1198,339,6,4,22.0,88.0
1199,339,27,3,45.0,135.0
1200,339,1,1,17.5,17.5
1201,340,51,3,52.0,156.0
1202,340,3,2,14.0,28.0
1203,341,8,1,52.0,52.0
1204,341,57,2,9.5,19.0
1205,341,39,1,26.0,26.0
1206,341,2,2,16.5,33.0
1207,341,28,3,14.0,42.0
1208,342,19,3,13.5,40.5
1209,342,33,3,8.5,25.5
1210,343,6,2,22.0,44.0
1211,343,49,4,28.0,112.0
1212,343,32,3,56.0,168.0
1213,344,31,3,52.0,156.0
1214,344,54,1,26.0,26.0
1215,345,27,4,45.0,180.0
1216,345,38,4,75.0,300.0
1217,345,22,4,19.0,76.0
1218,345,49,3,28.0,84.0
1219,346,17,2,35.0,70.0
1220,346,31,2,52.0,104.0
1221,346,37,2,12.0,24.0
1222,346,26,2,35.0,70.0
1223,346,7,4,42.0,168.0
1224,347,43,4,34.0,136.0
1225,347,23,3,20.0,60.0
1226,348,41,3,155.0,465.0
1227,348,18,3,12.0,36.0
1228,348,16,2,48.0,96.0
1229,349,4,3,35.0,105.0
1230,349,30,2,26.0,52.0
1231,349,53,3,42.0,126.0
1232,350,23,2,20.0,40.0
1233,350,54,3,26.0,78.0
1234,350,36,3,22.0,66.0
1235,350,3,3,14.0,42.0
1236,351,27,2,45.0,90.0
1237,351,28,2,14.0,28.0
1238,351,35,2,52.0,104.0
1239,352,13,3,17.0,51.0
1240,352,33,4,8.5,34.0
1241,353,52,1,100.0,100.0
1242,353,39,3,26.0,78.0
1243,353,3,2,14.0,28.0
1244,353,37,1,12.0,12.0
1245,353,20,3,42.0,126.0
1246,354,11,2,19.5,39.0
1247,354,37,2,12.0,24.0
1248,354,47,4,85.0,340.0
1249,354,56,4,17.0,68.0
1250,354,13,3,17.0,51.0
1251,355,29,2,14.0,28.0
1252,355,49,3,28.0,84.0
1253,355,31,4,52.0,208.0
1254,355,42,3,130.0,390.0
1255,355,39,4,26.0,104.0
1256,356,22,1,19.0,19.0
1257,356,43,4,34.0,136.0
1258,356,28,3,14.0,42.0
1259,356,40,3,28.0,84.0
1260,357,11,2,19.5,39.0
1261,357,31,4,52.0,208.0
1262,358,47,1,85.0,85.0
1263,358,45,2,26.0,52.0
1264,359,4,1,35.0,35.0
1265,359,12,2,17.0,34.0
1266,359,30,4,26.0,104.0
1267,360,3,4,14.0,56.0
1268,360,5,4,95.0,380.0
1269,360,12,3,17.0,51.0
1270,360,2,4,16.5,66.0
1271,361,11,1,19.5,19.5
1272,361,21,3,10.5,31.5
1273,361,28,1,14.0,14.0
1274,361,18,2,12.0,24.0
1275,361,40,3,28.0,84.0
1276,362,6,3,22.0,66.0
1277,362,29,3,14.0,42.0
1278,362,19,1,13.5,13.5
1279,362,1,2,17.5,35.0
1280,362,58,4,22.0,88.0
1281,363,48,2,72.0,144.0
1282,363,17,4,35.0,140.0
1283,363,26,3,35.0,105.0
1284,364,19,1,13.5,13.5
1285,364,36,2,22.0,44.0
1286,364,2,4,16.5,66.0
1287,365,40,2,28.0,56.0
1288,365,25,4,25.0,100.0
1289,365,9,3,5.5,16.5
1290,365,36,4,22.0,88.0
1291,365,52,2,100.0,200.0
1292,366,42,2,130.0,260.0
1293,366,14,4,9.5,38.0
1294,367,5,3,95.0,285.0
1295,367,54,3,26.0,78.0
1296,368,49,4,28.0,112.0
1297,368,35,1,52.0,52.0
1298,368,39,2,26.0,52.0
1299,369,58,3,22.0,66.0
1300,369,38,3,75.0,225.0
1301,369,19,3,13.5,40.5
1302,369,5,3,95.0,285.0
1303,369,3,4,14.0,56.0
1304,370,34,1,19.0,19.0
1305,370,38,2,75.0,150.0
1306,370,31,2,52.0,104.0
1307,370,35,4,52.0,208.0
1308,370,7,4,42.0,168.0
1309,371,34,4,19.0,76.0
1310,371,13,3,17.0,51.0
1311,372,41,1,155.0,155.0
1312,372,54,2,26.0,52.0
1313,372,36,3,22.0,66.0
1314,372,43,3,34.0,102.0
1315,373,45,4,26.0,104.0
1316,373,25,3,25.0,75.0
1317,373,56,4,17.0,68.0
1318,374,7,4,42.0,168.0
1319,374,57,1,9.5,9.5
1320,374,27,2,45.0,90.0
1321,374,19,1,13.5,13.5
1322,375,22,1,19.0,19.0
1323,375,55,2,65.0,130.0
1324,375,6,2,22.0,44.0
1325,375,27,4,45.0,180.0
1326,375,60,1,110.0,110.0
1327,376,12,3,17.0,51.0
1328,376,55,2,65.0,130.0
1329,377,1,1,17.5,17.5
1330,377,17,3,35.0,105.0
1331,377,54,1,26.0,26.0
1332,377,46,1,22.0,22.0
1333,378,34,3,19.0,57.0
1334,378,50,2,115.0,230.0
1335,379,53,4,42.0,168.0
1336,379,60,3,110.0,330.0
1337,380,4,3,35.0,105.0
1338,380,47,3,85.0,255.0
1339,381,2,1,16.5,16.5
1340,381,46,3,22.0,66.0
1341,381,20,4,42.0,168.0
1342,382,53,1,42.0,42.0
1343,382,38,2,75.0,150.0
1344,382,3,1,14.0,14.0
1345,382,16,1,48.0,48.0
1346,382,37,2,12.0,24.0
1347,383,8,4,52.0,208.0
1348,383,49,3,28.0,84.0
1349,383,53,4,42.0,168.0
1350,384,40,1,28.0,28.0
1351,384,26,3,35.0,105.0
1352,384,56,1,17.0,17.0
1353,385,34,4,19.0,76.0
1354,385,21,2,10.5,21.0
1355,385,57,1,9.5,9.5
1356,386,58,1,22.0,22.0
1357,386,14,3,9.5,28.5
1358,386,36,3,22.0,66.0
1359,386,9,4,5.5,22.0
1360,387,45,2,26.0,52.0
1361,387,19,3,13.5,40.5
1362,388,4,4,35.0,140.0
1363,388,43,4,34.0,136.0
1364,388,32,4,56.0,224.0
1365,389,18,4,12.0,48.0
1366,389,29,1,14.0,14.0
1367,389,32,2,56.0,112.0
1368,389,19,3,13.5,40.5
1369,389,31,4,52.0,208.0
1370,390,60,3,110.0,330.0
1371,390,44,2,42.0,84.0
1372,391,27,1,45.0,45.0
1373,391,58,4,22.0,88.0
1374,391,55,4,65.0,260.0
1375,392,54,2,26.0,52.0
1376,392,37,3,12.0,36.0
1377,392,13,1,17.0,17.0
1378,392,48,2,72.0,144.0
1379,393,46,4,22.0,88.0
1380,393,7,1,42.0,42.0
1381,393,21,1,10.5,10.5
1382,393,36,3,22.0,66.0
1383,394,41,1,155.0,155.0
1384,394,34,3,19.0,57.0
1385,394,1,2,17.5,35.0
1386,394,57,1,9.5,9.5
1387,395,53,2,42.0,84.0
1388,395,47,1,85.0,85.0
1389,395,4,2,35.0,70.0
1390,396,41,4,155.0,620.0
1391,396,13,2,17.0,34.0
1392,397,10,1,3.5,3.5
1393,397,21,1,10.5,10.5
1394,398,12,1,17.0,17.0
1395,398,4,4,35.0,140.0
1396,398,14,2,9.5,19.0
1397,398,27,4,45.0,180.0
1398,399,37,4,12.0,48.0
1399,399,48,3,72.0,216.0
1400,399,46,1,22.0,22.0
1401,400,45,2,26.0,52.0
1402,400,25,3,25.0,75.0
1403,400,46,3,22.0,66.0
1404,401,55,3,65.0,195.0
1405,401,42,4,130.0,520.0
1406,402,47,2,85.0,170.0
1407,402,20,3,42.0,126.0
1408,402,59,3,145.0,435.0
1409,402,43,3,34.0,102.0
1410,402,21,1,10.5,10.5
1411,403,30,4,26.0,104.0
1412,403,15,3,120.0,360.0
1413,403,5,3,95.0,285.0
1414,404,25,4,25.0,100.0
1415,404,51,3,52.0,156.0
1416,404,14,1,9.5,9.5
1417,404,7,2,42.0,84.0
1418,404,37,4,12.0,48.0
1419,405,13,2,17.0,34.0
1420,405,43,4,34.0,136.0
1421,406,45,4,26.0,104.0
1422,406,54,3,26.0,78.0
1423,406,3,4,14.0,56.0
1424,406,32,4,56.0,224.0
1425,406,11,3,19.5,58.5
1426,407,1,4,17.5,70.0
1427,407,42,2,130.0,260.0
1428,407,59,3,145.0,435.0
1429,407,47,1,85.0,85.0
1430,408,8,3,52.0,156.0
1431,408,59,2,145.0,290.0
1432,409,17,4,35.0,140.0
1433,409,45,3,26.0,78.0
1434,409,29,1,14.0,14.0
1435,409,24,2,19.0,38.0
1436,409,60,3,110.0,330.0
1437,410,35,4,52.0,208.0
1438,410,58,2,22.0,44.0
1439,411,28,1,14.0,14.0
1440,411,5,1,95.0,95.0
1441,411,16,3,48.0,144.0
1442,412,24,1,19.0,19.0
1443,412,45,2,26.0,52.0
1444,412,59,4,145.0,580.0
1445,413,42,4,130.0,520.0
1446,413,20,1,42.0,42.0
1447,413,18,4,12.0,48.0
1448,413,25,3,25.0,75.0
1449,414,32,2,56.0,112.0
1450,414,11,1,19.5,19.5
1451,414,14,3,9.5,28.5
1452,414,38,3,75.0,225.0
1453,414,27,3,45.0,135.0
1454,415,9,3,5.5,16.5
1455,415,12,3,17.0,51.0
1456,415,25,3,25.0,75.0
1457,415,57,4,9.5,38.0
1458,416,37,2,12.0,24.0
1459,416,9,2,5.5,11.0
1460,416,32,2,56.0,112.0
1461,416,17,1,35.0,35.0
1462,417,22,3,19.0,57.0
1463,417,11,2,19.5,39.0
1464,417,19,2,13.5,27.0
1465,418,59,1,145.0,145.0
1466,418,45,4,26.0,104.0
1467,419,34,4,19.0,76.0
1468,419,60,2,110.0,220.0
1469,419,37,1,12.0,12.0
1470,419,23,2,20.0,40.0
1471,420,27,1,45.0,45.0
1472,420,5,1,95.0,95.0
1473,420,14,4,9.5,38.0
1474,420,35,2,52.0,104.0
1475,420,15,4,120.0,480.0
1476,421,35,1,52.0,52.0
1477,421,17,4,35.0,140.0
1478,421,28,3,14.0,42.0
1479,421,5,2,95.0,190.0
1480,421,43,3,34.0,102.0
1481,422,34,1,19.0,19.0
1482,422,7,3,42.0,126.0
1483,422,8,2,52.0,104.0
1484,422,2,1,16.5,16.5
1485,423,31,3,52.0,156.0
1486,423,53,1,42.0,42.0
1487,423,55,4,65.0,260.0
1488,424,10,2,3.5,7.0
1489,424,45,3,26.0,78.0
1490,424,48,3,72.0,216.0
1491,424,52,2,100.0,200.0
1492,424,44,2,42.0,84.0
1493,425,41,4,155.0,620.0
1494,425,27,2,45.0,90.0
1495,425,50,2,115.0,230.0
1496,425,53,1,42.0,42.0
1497,426,36,1,22.0,22.0
1498,426,59,4,145.0,580.0
1499,426,53,3,42.0,126.0
1500,426,47,2,85.0,170.0
1501,427,33,2,8.5,17.0
1502,427,55,2,65.0,130.0
1503,427,1,4,17.5,70.0
1504,427,41,3,155.0,465.0
1505,427,52,1,100.0,100.0
1506,428,23,4,20.0,80.0
1507,428,45,4,26.0,104.0
1508,429,5,4,95.0,380.0
1509,429,57,2,9.5,19.0
1510,430,16,2,48.0,96.0
1511,430,36,4,22.0,88.0
1512,430,47,3,85.0,255.0
1513,430,37,2,12.0,24.0
1514,431,48,1,72.0,72.0
1515,431,19,2,13.5,27.0
1516,431,12,1,17.0,17.0
1517,431,36,3,22.0,66.0
1518,431,40,2,28.0,56.0
1519,432,60,2,110.0,220.0
1520,432,57,2,9.5,19.0
1521,432,54,1,26.0,26.0
1522,433,43,4,34.0,136.0
1523,433,56,4,17.0,68.0
1524,434,38,2,75.0,150.0
1525,434,54,1,26.0,26.0
1526,434,41,3,155.0,465.0
1527,434,28,1,14.0,14.0
1528,434,58,2,22.0,44.0
1529,435,36,4,22.0,88.0
1530,435,18,2,12.0,24.0
1531,436,55,3,65.0,195.0
1532,436,40,2,28.0,56.0
1533,436,47,3,85.0,255.0
1534,436,39,3,26.0,78.0
1535,437,12,3,17.0,51.0
1536,437,8,3,52.0,156.0
1537,437,4,4,35.0,140.0
1538,437,47,4,85.0,340.0
1539,438,51,3,52.0,156.0
1540,438,35,2,52.0,104.0
1541,438,24,1,19.0,19.0
1542,438,17,2,35.0,70.0
1543,439,52,1,100.0,100.0
1544,439,49,2,28.0,56.0
1545,439,12,4,17.0,68.0
1546,439,46,3,22.0,66.0
1547,439,14,3,9.5,28.5
1548,440,19,1,13.5,13.5
1549,440,38,4,75.0,300.0
1550,440,1,1,17.5,17.5
1551,441,4,2,35.0,70.0
1552,441,7,3,42.0,126.0
1553,441,37,2,12.0,24.0
1554,441,40,2,28.0,56.0
1555,441,30,4,26.0,104.0
1556,442,35,1,52.0,52.0
1557,442,32,2,56.0,112.0
1558,443,1,3,17.5,52.5
1559,443,29,1,14.0,14.0
1560,443,37,3,12.0,36.0
1561,444,58,3,22.0,66.0
1562,444,39,2,26.0,52.0
1563,445,50,4,115.0,460.0
1564,445,48,2,72.0,144.0
1565,445,24,2,19.0,38.0
1566,445,58,3,22.0,66.0
1567,446,13,4,17.0,68.0
1568,446,14,2,9.5,19.0
1569,447,53,3,42.0,126.0
1570,447,48,4,72.0,288.0
1571,447,33,2,8.5,17.0
1572,447,52,3,100.0,300.0
1573,448,39,2,26.0,52.0
1574,448,15,2,120.0,240.0
1575,448,5,2,95.0,190.0
1576,448,31,4,52.0,208.0
1577,449,8,2,52.0,104.0
1578,449,49,4,28.0,112.0
1579,449,1,4,17.5,70.0
1580,450,57,3,9.5,28.5
1581,450,26,3,35.0,105.0
1582,450,59,3,145.0,435.0
1583,451,27,4,45.0,180.0
1584,451,42,4,130.0,520.0
1585,451,10,2,3.5,7.0
1586,452,60,2,110.0,220.0
1587,452,21,4,10.5,42.0
1588,453,5,4,95.0,380.0
1589,453,60,3,110.0,330.0
1590,453,14,1,9.5,9.5
1591,453,40,3,28.0,84.0
1592,454,17,2,35.0,70.0
1593,454,23,3,20.0,60.0
1594,455,47,1,85.0,85.0
1595,455,3,1,14.0,14.0
1596,456,36,1,22.0,22.0
1597,456,3,3,14.0,42.0
1598,456,17,4,35.0,140.0
1599,457,21,2,10.5,21.0
1600,457,1,1,17.5,17.5
1601,457,51,3,52.0,156.0
1602,457,22,1,19.0,19.0
1603,458,23,4,20.0,80.0
1604,458,56,2,17.0,34.0
1605,459,17,2,35.0,70.0
1606,459,2,2,16.5,33.0
1607,459,9,1,5.5,5.5
1608,459,31,3,52.0,156.0
1609,459,29,2,14.0,28.0
1610,460,38,2,75.0,150.0
1611,460,10,3,3.5,10.5
1612,460,32,4,56.0,224.0
1613,460,52,4,100.0,400.0
1614,461,39,4,26.0,104.0
1615,461,20,3,42.0,126.0
1616,462,11,2,19.5,39.0
1617,462,57,3,9.5,28.5
1618,462,5,2,95.0,190.0
1619,462,38,1,75.0,75.0
1620,463,52,4,100.0,400.0
1621,463,19,2,13.5,27.0
1622,464,47,2,85.0,170.0
1623,464,33,1,8.5,8.5
1624,464,46,4,22.0,88.0
1625,465,15,4,120.0,480.0
1626,465,39,2,26.0,52.0
1627,465,32,1,56.0,56.0
1628,465,14,3,9.5,28.5
1629,466,11,2,19.5,39.0
1630,466,20,1,42.0,42.0
1631,466,41,2,155.0,310.0
1632,466,30,4,26.0,104.0
1633,466,57,2,9.5,19.0
1634,467,53,4,42.0,168.0
1635,467,42,4,130.0,520.0
1636,468,34,4,19.0,76.0
1637,468,30,3,26.0,78.0
1638,468,8,4,52.0,208.0
1639,468,45,1,26.0,26.0
1640,469,10,4,3.5,14.0
1641,469,32,2,56.0,112.0
1642,469,20,4,42.0,168.0
1643,470,34,2,19.0,38.0
1644,470,44,1,42.0,42.0
1645,471,23,3,20.0,60.0
1646,471,1,1,17.5,17.5
1647,471,6,2,22.0,44.0
1648,471,41,1,155.0,155.0
1649,472,26,2,35.0,70.0
1650,472,18,3,12.0,36.0
1651,472,33,4,8.5,34.0
1652,472,59,2,145.0,290.0
1653,472,55,3,65.0,195.0
1654,473,56,1,17.0,17.0
1655,473,60,4,110.0,440.0
1656,474,9,4,5.5,22.0
1657,474,26,2,35.0,70.0
1658,474,40,4,28.0,112.0
1659,474,27,4,45.0,180.0
1660,475,15,4,120.0,480.0
1661,475,60,4,110.0,440.0
1662,475,59,2,145.0,290.0
1663,475,3,1,14.0,14.0
1664,475,1,4,17.5,70.0
1665,476,46,1,22.0,22.0
1666,476,42,1,130.0,130.0
1667,476,55,4,65.0,260.0
1668,476,26,2,35.0,70.0
1669,476,30,1,26.0,26.0
1670,477,50,1,115.0,115.0
1671,477,8,1,52.0,52.0
1672,478,2,2,16.5,33.0
1673,478,33,1,8.5,8.5
1674,478,50,1,115.0,115.0
1675,478,22,3,19.0,57.0
1676,478,51,4,52.0,208.0
1677,479,30,4,26.0,104.0
1678,479,18,2,12.0,24.0
1679,479,3,3,14.0,42.0
1680,479,33,1,8.5,8.5
1681,480,14,3,9.5,28.5
1682,480,39,1,26.0,26.0
1683,480,32,4,56.0,224.0
1684,481,26,2,35.0,70.0
1685,481,16,3,48.0,144.0
1686,481,23,4,20.0,80.0
1687,481,20,3,42.0,126.0
1688,481,27,4,45.0,180.0
1689,482,58,2,22.0,44.0
1690,482,3,4,14.0,56.0
1691,483,55,2,65.0,130.0
1692,483,12,3,17.0,51.0
1693,483,50,1,115.0,115.0
1694,483,53,2,42.0,84.0
1695,484,51,2,52.0,104.0
1696,484,49,2,28.0,56.0
1697,484,42,4,130.0,520.0
1698,485,55,3,65.0,195.0
1699,485,34,3,19.0,57.0
1700,485,33,1,8.5,8.5
1701,485,11,1,19.5,19.5
1702,486,15,2,120.0,240.0
1703,486,58,1,22.0,22.0
1704,486,10,2,3.5,7.0
1705,486,57,4,9.5,38.0
1706,486,11,2,19.5,39.0
1707,487,13,2,17.0,34.0
1708,487,32,3,56.0,168.0
1709,487,15,1,120.0,120.0
1710,487,21,4,10.5,42.0
1711,487,54,3,26.0,78.0
1712,488,35,3,52.0,156.0
1713,488,25,1,25.0,25.0
1714,488,23,1,20.0,20.0
1715,488,7,1,42.0,42.0
1716,489,59,1,145.0,145.0
1717,489,46,1,22.0,22.0
1718,490,54,2,26.0,52.0
1719,490,19,3,13.5,40.5
1720,490,57,4,9.5,38.0
1721,490,53,3,42.0,126.0
1722,490,10,2,3.5,7.0
1723,491,42,2,130.0,260.0
1724,491,47,1,85.0,85.0
1725,491,1,3,17.5,52.5
1726,491,14,1,9.5,9.5
1727,491,49,2,28.0,56.0
1728,492,21,2,10.5,21.0
1729,492,28,3,14.0,42.0
1730,492,51,4,52.0,208.0
1731,493,17,1,35.0,35.0
1732,493,57,3,9.5,28.5
1733,493,29,2,14.0,28.0
1734,494,5,3,95.0,285.0
1735,494,43,2,34.0,68.0
1736,494,20,3,42.0,126.0
1737,494,52,4,100.0,400.0
1738,495,2,3,16.5,49.5
1739,495,4,3,35.0,105.0
1740,495,52,2,100.0,200.0
1741,496,21,4,10.5,42.0
1742,496,3,3,14.0,42.0
1743,496,22,1,19.0,19.0
1744,496,14,1,9.5,9.5
1745,496,5,3,95.0,285.0
1746,497,6,2,22.0,44.0
1747,497,26,2,35.0,70.0
1748,497,59,1,145.0,145.0
1749,498,59,3,145.0,435.0
1750,498,57,1,9.5,9.5
1751,498,45,3,26.0,78.0
1752,498,58,1,22.0,22.0
1753,498,15,4,120.0,480.0
1754,499,28,2,14.0,28.0
1755,499,15,3,120.0,360.0
1756,499,57,2,9.5,19.0
1757,499,2,3,16.5,49.5
1758,499,31,4,52.0,208.0
1759,500,50,1,115.0,115.0
1760,500,39,4,26.0,104.0
1761,500,16,2,48.0,96.0
1762,500,2,2,16.5,33.0
1763,500,29,4,14.0,56.0
